id,entity_id,entity_name,property_name,property_label,property_type,property_order,nullable,length,precision,scale,unique,default_value,indexed,index_type,composite_index_with,is_enum,enum_class,enum_values,is_virtual,compute_expression,use_property_hook,is_jsonb,use_full_text_search,is_array_type,pg_array_type,check_constraint,relationship_type,target_entity,inversed_by,mapped_by,cascade,orphan_removal,fetch,order_by,is_embedded,embedded_class,embedded_prefix,validation_rules,validation_message,validation_groups,custom_validator,validation_condition,form_type,form_options,form_required,form_read_only,form_help,show_in_list,show_in_detail,show_in_form,sortable,searchable,filterable,api_readable,api_writable,api_groups,is_subresource,subresource_path,expose_iri,api_description,api_example,allowed_roles,translation_key,format_pattern,serializer_context,serializer_method,denormalizer,lifecycle_callbacks,lifecycle_logic,fixture_type,fixture_options,created_at,updated_at
0199cadd-645d-761d-827f-738d451e210e,0199cadd-645d-761d-827f-738d3d6c828e,Calendar,holidays,Holidays,,0,1,,,,0,null,0,,null,0,,null,0,,0,0,0,0,,,OneToMany,Holiday,calendar,,null,0,LAZY,null,0,,,[],,null,,,EntityType,[],0,0,,1,1,1,1,0,0,1,1,"[""calendar:read"",""calendar:write""]",0,,0,,,null,,,null,,,null,,,[],"2025-10-09 18:25:30","2025-10-09 18:25:30"
0199cadd-645d-761d-827f-738d44edb4eb,0199cadd-645d-761d-827f-738d3d6c828e,Calendar,workingHours,WorkingHours,,0,1,,,,0,null,0,,null,0,,null,0,,0,0,0,0,,,OneToMany,WorkingHour,calendar,,null,0,LAZY,null,0,,,[],,null,,,EntityType,[],0,0,,1,1,1,1,0,0,1,1,"[""calendar:read"",""calendar:write""]",0,,0,,,null,,,null,,,null,,,[],"2025-10-09 18:25:30","2025-10-09 18:25:30"
0199cadd-645d-761d-827f-738d442d8c0b,0199cadd-645d-761d-827f-738d3d6c828e,Calendar,externalApiKey,ExternalApiKey,string,0,1,,,,0,null,0,,null,0,,null,0,,0,0,0,0,,,,,,,null,0,LAZY,null,0,,,"[""Length(max=255)""]",,null,,,TextType,[],0,0,,1,1,1,1,1,0,1,1,"[""calendar:read"",""calendar:write""]",0,,0,,,null,,,null,,,null,,word,[],"2025-10-09 18:25:30","2025-10-09 18:25:30"
0199cadd-645d-761d-827f-738d43e1c384,0199cadd-645d-761d-827f-738d3d6c828e,Calendar,externalLink,ExternalLink,,0,1,,,,0,null,0,,null,0,,null,0,,0,0,0,0,,,ManyToOne,CalendarExternalLink,calendars,,null,0,LAZY,null,0,,,[],,null,,,EntityType,[],0,0,,1,1,1,1,0,0,1,1,"[""calendar:read"",""calendar:write""]",0,,0,,,null,,,null,,,null,,,[],"2025-10-09 18:25:30","2025-10-09 18:25:30"
0199cadd-645d-761d-827f-738d42eab1e5,0199cadd-645d-761d-827f-738d3d6c828e,Calendar,events,Events,,0,1,,,,0,null,0,,null,0,,null,0,,0,0,0,0,,,OneToMany,Event,calendar,,null,0,EXTRA_LAZY,null,0,,,[],,null,,,EntityType,[],0,0,,1,1,1,1,0,0,1,1,"[""calendar:read"",""calendar:write""]",0,,0,,,null,,,null,,,null,,,[],"2025-10-09 18:25:30","2025-10-09 18:25:30"
0199cadd-645d-761d-827f-738d4228bff9,0199cadd-645d-761d-827f-738d3d6c828e,Calendar,calendarType,CalendarType,,0,1,,,,0,null,0,,null,0,,null,0,,0,0,0,0,,,ManyToOne,CalendarType,calendars,,null,0,LAZY,null,0,,,[],,null,,,EntityType,[],0,0,,1,1,1,1,0,0,1,1,"[""calendar:read"",""calendar:write""]",0,,0,,,null,,,null,,,null,,,[],"2025-10-09 18:25:30","2025-10-09 18:25:30"
0199cadd-645d-761d-827f-738d41e952d6,0199cadd-645d-761d-827f-738d3d6c828e,Calendar,accessRole,AccessRole,string,0,1,,,,0,null,0,,null,0,,null,0,,0,0,0,0,,,,,,,null,0,LAZY,null,0,,,"[""Length(max=255)""]",,null,,,TextType,[],0,0,,1,1,1,1,1,0,1,1,"[""calendar:read"",""calendar:write""]",0,,0,,,null,,,null,,,null,,word,[],"2025-10-09 18:25:30","2025-10-09 18:25:30"
0199cadd-645d-761d-827f-738d418554d3,0199cadd-645d-761d-827f-738d3d6c828e,Calendar,visible,Visible,boolean,0,1,,,,0,null,0,,null,0,,null,0,,0,0,0,0,,,,,,,null,0,LAZY,null,0,,,[],,null,,,CheckboxType,[],0,0,,1,1,1,1,0,0,1,1,"[""calendar:read"",""calendar:write""]",0,,0,,,null,,,null,,,null,,boolean,[],"2025-10-09 18:25:30","2025-10-09 18:25:30"
0199cadd-645d-761d-827f-738d40ef3e23,0199cadd-645d-761d-827f-738d3d6c828e,Calendar,primary,Primary,boolean,0,1,,,,0,null,0,,null,0,,null,0,,0,0,0,0,,,,,,,null,0,LAZY,null,0,,,[],,null,,,CheckboxType,[],0,0,,1,1,1,1,0,0,1,1,"[""calendar:read"",""calendar:write""]",0,,0,,,null,,,null,,,null,,boolean,[],"2025-10-09 18:25:30","2025-10-09 18:25:30"
0199cadd-645d-761d-827f-738d4078e3c8,0199cadd-645d-761d-827f-738d3d6c828e,Calendar,color,Color,string,0,1,,,,0,null,0,,null,0,,null,0,,0,0,0,0,,,,,,,null,0,LAZY,null,0,,,"[""Length(max=255)""]",,null,,,TextType,[],0,0,,1,1,1,1,1,0,1,1,"[""calendar:read"",""calendar:write""]",0,,0,,,null,,,null,,,null,,word,[],"2025-10-09 18:25:30","2025-10-09 18:25:30"
0199cadd-645d-761d-827f-738d4042c28a,0199cadd-645d-761d-827f-738d3d6c828e,Calendar,timeZone,TimeZone,string,0,1,,,,0,null,0,,null,0,,null,0,,0,0,0,0,,,,,,,null,0,LAZY,null,0,,,"[""Length(max=255)""]",,null,,,TextType,[],0,0,,1,1,1,1,1,0,1,1,"[""calendar:read"",""calendar:write""]",0,,0,,,null,,,null,,,null,,word,[],"2025-10-09 18:25:30","2025-10-09 18:25:30"
0199cadd-645d-761d-827f-738d3fbac60f,0199cadd-645d-761d-827f-738d3d6c828e,Calendar,description,Description,text,0,1,,,,0,null,0,,null,0,,null,0,,0,0,0,0,,,,,,,null,0,LAZY,null,0,,,[],,null,,,TextareaType,[],0,0,,1,1,1,1,1,0,1,1,"[""calendar:read"",""calendar:write""]",0,,0,,,null,,,null,,,null,,paragraph,[],"2025-10-09 18:25:30","2025-10-09 18:25:30"
0199cadd-645d-761d-827f-738d3f08580a,0199cadd-645d-761d-827f-738d3d6c828e,Calendar,user,User,,0,1,,,,0,null,0,,null,0,,null,0,,0,0,0,0,,,ManyToOne,User,calendars,,null,0,LAZY,null,0,,,[],,null,,,EntityType,[],0,0,,1,1,1,1,0,0,1,1,"[""calendar:read"",""calendar:write""]",0,,0,,,null,,,null,,,null,,,[],"2025-10-09 18:25:30","2025-10-09 18:25:30"
0199cadd-645d-761d-827f-738d3dff2e1d,0199cadd-645d-761d-827f-738d3d6c828e,Calendar,name,Name,string,0,0,,,,0,null,0,,null,0,,null,0,,0,0,0,0,,,,,,,null,0,LAZY,null,0,,,"[""NotBlank"",""Length(max=255)""]",,null,,,TextType,[],1,0,,1,1,1,1,1,0,1,1,"[""calendar:read"",""calendar:write""]",0,,0,,,null,,,null,,,null,,word,[],"2025-10-09 18:25:30","2025-10-09 18:25:30"
0199cadd-645d-761d-827f-738d3e5ef1c5,0199cadd-645d-761d-827f-738d3d6c828e,Calendar,organization,Organization,,0,1,,,,0,null,0,,null,0,,null,0,,0,0,0,0,,,ManyToOne,Organization,calendars,,null,0,LAZY,null,0,,,[],,null,,,EntityType,[],0,0,,1,1,0,1,0,0,1,1,"[""calendar:read"",""calendar:write""]",0,,0,,,null,,,null,,,null,,,[],"2025-10-09 18:25:30","2025-10-09 18:25:30"
0199cadd-644a-7d15-9d00-ac75f9058770,0199cadd-644a-7d15-9d00-ac75f56fb296,Campaign,plannedStartDate,PlannedStartDate,datetime,0,1,,,,0,null,0,,null,0,,null,0,,0,0,0,0,,,,,,,null,0,LAZY,null,0,,,[],,null,,,DateTimeType,[],0,0,,1,1,1,1,0,0,1,1,"[""campaign:read"",""campaign:write""]",0,,0,,,null,,,null,,,null,,dateTime,[],"2025-10-09 18:25:30","2025-10-09 18:25:30"
0199cadd-644a-7d15-9d00-ac75f954b004,0199cadd-644a-7d15-9d00-ac75f56fb296,Campaign,startDate,StartDate,datetime,0,1,,,,0,null,0,,null,0,,null,0,,0,0,0,0,,,,,,,null,0,LAZY,null,0,,,[],,null,,,DateTimeType,[],0,0,,1,1,1,1,0,0,1,1,"[""campaign:read"",""campaign:write""]",0,,0,,,null,,,null,,,null,,dateTime,[],"2025-10-09 18:25:30","2025-10-09 18:25:30"
0199cadd-644a-7d15-9d00-ac75fa346f15,0199cadd-644a-7d15-9d00-ac75f56fb296,Campaign,plannedEndDate,PlannedEndDate,datetime,0,1,,,,0,null,0,,null,0,,null,0,,0,0,0,0,,,,,,,null,0,LAZY,null,0,,,[],,null,,,DateTimeType,[],0,0,,1,1,1,1,0,0,1,1,"[""campaign:read"",""campaign:write""]",0,,0,,,null,,,null,,,null,,dateTime,[],"2025-10-09 18:25:30","2025-10-09 18:25:30"
0199cadd-644a-7d15-9d00-ac75fae36c97,0199cadd-644a-7d15-9d00-ac75f56fb296,Campaign,endDate,EndDate,datetime,0,1,,,,0,null,0,,null,0,,null,0,,0,0,0,0,,,,,,,null,0,LAZY,null,0,,,[],,null,,,DateTimeType,[],0,0,,1,1,1,1,0,0,1,1,"[""campaign:read"",""campaign:write""]",0,,0,,,null,,,null,,,null,,dateTime,[],"2025-10-09 18:25:30","2025-10-09 18:25:30"
0199cadd-644a-7d15-9d00-ac75fb7fdc51,0199cadd-644a-7d15-9d00-ac75f56fb296,Campaign,plannedDuration,PlannedDuration,integer,0,1,,,,0,null,0,,null,0,,null,0,,0,0,0,0,,,,,,,null,0,LAZY,null,0,,,[],,null,,,IntegerType,[],0,0,,1,1,1,1,0,0,1,1,"[""campaign:read"",""campaign:write""]",0,,0,,,null,,,null,,,null,,randomNumber,[],"2025-10-09 18:25:30","2025-10-09 18:25:30"
0199cadd-644a-7d15-9d00-ac75fc0b95d8,0199cadd-644a-7d15-9d00-ac75f56fb296,Campaign,duration,Duration,integer,0,1,,,,0,null,0,,null,0,,null,0,,0,0,0,0,,,,,,,null,0,LAZY,null,0,,,[],,null,,,IntegerType,[],0,0,,1,1,1,1,0,0,1,1,"[""campaign:read"",""campaign:write""]",0,,0,,,null,,,null,,,null,,randomNumber,[],"2025-10-09 18:25:30","2025-10-09 18:25:30"
0199cadd-644a-7d15-9d00-ac75fccce88c,0199cadd-644a-7d15-9d00-ac75f56fb296,Campaign,manager,Manager,,0,1,,,,0,null,0,,null,0,,null,0,,0,0,0,0,,,ManyToOne,User,managedCampaigns,,null,0,LAZY,null,0,,,[],,null,,,EntityType,[],0,0,,1,1,1,1,0,0,1,1,"[""campaign:read"",""campaign:write""]",0,,0,,,null,,,null,,,null,,,[],"2025-10-09 18:25:30","2025-10-09 18:25:30"
0199cadd-644a-7d15-9d00-ac75fd7342b7,0199cadd-644a-7d15-9d00-ac75f56fb296,Campaign,team,Team,,0,1,,,,0,null,0,,null,0,,null,0,,0,0,0,0,,,ManyToMany,User,campaigns,,null,0,LAZY,null,0,,,[],,null,,,EntityType,[],0,0,,1,1,1,1,0,0,1,1,"[""campaign:read"",""campaign:write""]",0,,0,,,null,,,null,,,null,,,[],"2025-10-09 18:25:30","2025-10-09 18:25:30"
0199cadd-644a-7d15-9d00-ac75fd87c699,0199cadd-644a-7d15-9d00-ac75f56fb296,Campaign,contacts,Contacts,,0,1,,,,0,null,0,,null,0,,null,0,,0,0,0,0,,,ManyToMany,Contact,campaigns,,null,0,LAZY,null,0,,,[],,null,,,EntityType,[],0,0,,1,1,1,1,0,0,1,1,"[""campaign:read"",""campaign:write""]",0,,0,,,null,,,null,,,null,,,[],"2025-10-09 18:25:30","2025-10-09 18:25:30"
0199cadd-644a-7d15-9d00-ac75fdec6937,0199cadd-644a-7d15-9d00-ac75f56fb296,Campaign,companies,Companies,,0,1,,,,0,null,0,,null,0,,null,0,,0,0,0,0,,,ManyToMany,Company,campaigns,,null,0,LAZY,null,0,,,[],,null,,,EntityType,[],0,0,,1,1,1,1,0,0,1,1,"[""campaign:read"",""campaign:write""]",0,,0,,,null,,,null,,,null,,,[],"2025-10-09 18:25:30","2025-10-09 18:25:30"
0199cadd-644a-7d15-9d00-ac75fe310fbd,0199cadd-644a-7d15-9d00-ac75f56fb296,Campaign,deals,Deals,,0,1,,,,0,null,0,,null,0,,null,0,,0,0,0,0,,,OneToMany,Deal,campaign,,null,0,EXTRA_LAZY,null,0,,,[],,null,,,EntityType,[],0,0,,1,1,1,1,0,0,1,1,"[""campaign:read"",""campaign:write""]",0,,0,,,null,,,null,,,null,,,[],"2025-10-09 18:25:30","2025-10-09 18:25:30"
0199cadd-644a-7d15-9d00-ac75fef6ae18,0199cadd-644a-7d15-9d00-ac75f56fb296,Campaign,talks,Talks,,0,1,,,,0,null,0,,null,0,,null,0,,0,0,0,0,,,ManyToMany,Talk,campaigns,,null,0,LAZY,null,0,,,[],,null,,,EntityType,[],0,0,,1,1,1,1,0,0,1,1,"[""campaign:read"",""campaign:write""]",0,,0,,,null,,,null,,,null,,,[],"2025-10-09 18:25:30","2025-10-09 18:25:30"
0199cadd-644a-7d15-9d00-ac75ffb16873,0199cadd-644a-7d15-9d00-ac75f56fb296,Campaign,plannedBudget,PlannedBudget,float,0,1,,,,0,null,0,,null,0,,null,0,,0,0,0,0,,,,,,,null,0,LAZY,null,0,,,[],,null,,,TextType,[],0,0,,1,1,1,1,0,0,1,1,"[""campaign:read"",""campaign:write""]",0,,0,,,null,,,null,,,null,,word,[],"2025-10-09 18:25:30","2025-10-09 18:25:30"
0199cadd-644a-7d15-9d00-ac760036912a,0199cadd-644a-7d15-9d00-ac75f56fb296,Campaign,actualBudget,ActualBudget,float,0,1,,,,0,null,0,,null,0,,null,0,,0,0,0,0,,,,,,,null,0,LAZY,null,0,,,[],,null,,,TextType,[],0,0,,1,1,1,1,0,0,1,1,"[""campaign:read"",""campaign:write""]",0,,0,,,null,,,null,,,null,,word,[],"2025-10-09 18:25:30","2025-10-09 18:25:30"
0199cadd-644a-7d15-9d00-ac7601012571,0199cadd-644a-7d15-9d00-ac75f56fb296,Campaign,plannedReturn,PlannedReturn,float,0,1,,,,0,null,0,,null,0,,null,0,,0,0,0,0,,,,,,,null,0,LAZY,null,0,,,[],,null,,,TextType,[],0,0,,1,1,1,1,0,0,1,1,"[""campaign:read"",""campaign:write""]",0,,0,,,null,,,null,,,null,,word,[],"2025-10-09 18:25:30","2025-10-09 18:25:30"
0199cadd-644a-7d15-9d00-ac76010d0937,0199cadd-644a-7d15-9d00-ac75f56fb296,Campaign,actualReturn,ActualReturn,float,0,1,,,,0,null,0,,null,0,,null,0,,0,0,0,0,,,,,,,null,0,LAZY,null,0,,,[],,null,,,TextType,[],0,0,,1,1,1,1,0,0,1,1,"[""campaign:read"",""campaign:write""]",0,,0,,,null,,,null,,,null,,word,[],"2025-10-09 18:25:30","2025-10-09 18:25:30"
0199cadd-644a-7d15-9d00-ac7601535853,0199cadd-644a-7d15-9d00-ac75f56fb296,Campaign,roi,Roi,float,0,1,,,,0,null,0,,null,0,,null,0,,0,0,0,0,,,,,,,null,0,LAZY,null,0,,,[],,null,,,TextType,[],0,0,,1,1,1,1,0,0,1,1,"[""campaign:read"",""campaign:write""]",0,,0,,,null,,,null,,,null,,word,[],"2025-10-09 18:25:30","2025-10-09 18:25:30"
0199cadd-644a-7d15-9d00-ac75f66aac52,0199cadd-644a-7d15-9d00-ac75f56fb296,Campaign,name,Name,string,0,0,,,,0,null,0,,null,0,,null,0,,0,0,0,0,,,,,,,null,0,LAZY,null,0,,,"[""NotBlank"",""Length(max=255)""]",,null,,,TextType,[],1,0,,1,1,1,1,1,0,1,1,"[""campaign:read"",""campaign:write""]",0,,0,,,null,,,null,,,null,,word,[],"2025-10-09 18:25:30","2025-10-09 18:25:30"
0199cadd-644a-7d15-9d00-ac75f71f33f7,0199cadd-644a-7d15-9d00-ac75f56fb296,Campaign,organization,Organization,,0,1,,,,0,null,0,,null,0,,null,0,,0,0,0,0,,,ManyToOne,Organization,campaigns,,null,0,LAZY,null,0,,,[],,null,,,EntityType,[],0,0,,1,1,0,1,0,0,1,1,"[""campaign:read"",""campaign:write""]",0,,0,,,null,,,null,,,null,,,[],"2025-10-09 18:25:30","2025-10-09 18:25:30"
0199cadd-644a-7d15-9d00-ac75f7fd7993,0199cadd-644a-7d15-9d00-ac75f56fb296,Campaign,description,Description,text,0,1,,,,0,null,0,,null,0,,null,0,,0,0,0,0,,,,,,,null,0,LAZY,null,0,,,[],,null,,,TextareaType,[],0,0,,1,1,1,1,1,0,1,1,"[""campaign:read"",""campaign:write""]",0,,0,,,null,,,null,,,null,,paragraph,[],"2025-10-09 18:25:30","2025-10-09 18:25:30"
0199cadd-644a-7d15-9d00-ac75f860dcb4,0199cadd-644a-7d15-9d00-ac75f56fb296,Campaign,socialMedias,SocialMedias,,0,1,,,,0,null,0,,null,0,,null,0,,0,0,0,0,,,ManyToMany,SocialMedia,campaigns,,null,0,LAZY,null,0,,,[],,null,,,EntityType,[],0,0,,1,1,1,1,0,0,1,1,"[""campaign:read"",""campaign:write""]",0,,0,,,null,,,null,,,null,,,[],"2025-10-09 18:25:30","2025-10-09 18:25:30"
0199cadd-644a-7d15-9d00-ac75f86d1b25,0199cadd-644a-7d15-9d00-ac75f56fb296,Campaign,campaignStatus,CampaignStatus,integer,0,1,,,,0,null,0,,null,0,,null,0,,0,0,0,0,,,,,,,null,0,LAZY,null,0,,,[],,null,,,IntegerType,[],0,0,,1,1,1,1,0,0,1,1,"[""campaign:read"",""campaign:write""]",0,,0,,,null,,,null,,,null,,randomNumber,[],"2025-10-09 18:25:30","2025-10-09 18:25:30"
0199cadd-622f-7d3c-b578-aa335795e997,0199cadd-622c-79b3-a00f-0f6339a6999f,Organization,pipelines,Pipelines,,0,1,,,,0,null,0,,null,0,,null,0,,0,0,0,0,,,OneToMany,Pipeline,organization,,null,0,LAZY,null,0,,,[],,null,,,EntityType,[],0,0,,1,1,1,1,0,0,1,1,"[""organization:read"",""organization:write""]",0,,0,,,null,,,null,,,null,,,[],"2025-10-09 18:25:30","2025-10-09 18:25:30"
0199cadd-622f-7d3c-b578-aa33409d8c0d,0199cadd-622c-79b3-a00f-0f6339a6999f,Organization,name,Name,string,0,0,,,,0,null,0,,null,0,,null,0,,0,0,0,0,,,,,,,null,0,LAZY,null,0,,,"[""NotBlank"",""Length(max=255)""]",,null,,,TextType,[],1,0,,1,1,1,1,1,0,1,1,"[""organization:read"",""organization:write""]",0,,0,,,null,,,null,,,null,,word,[],"2025-10-09 18:25:30","2025-10-09 18:25:30"
0199cadd-622f-7d3c-b578-aa335857cece,0199cadd-622c-79b3-a00f-0f6339a6999f,Organization,tasks,Tasks,,0,1,,,,0,null,0,,null,0,,null,0,,0,0,0,0,,,OneToMany,Task,organization,,null,0,EXTRA_LAZY,null,0,,,[],,null,,,EntityType,[],0,0,,1,1,1,1,0,0,1,1,"[""organization:read"",""organization:write""]",0,,0,,,null,,,null,,,null,,,[],"2025-10-09 18:25:30","2025-10-09 18:25:30"
0199cadd-622f-7d3c-b578-aa3359197841,0199cadd-622c-79b3-a00f-0f6339a6999f,Organization,taskTypes,TaskTypes,,0,1,,,,0,null,0,,null,0,,null,0,,0,0,0,0,,,OneToMany,TaskType,organization,,null,0,LAZY,null,0,,,[],,null,,,EntityType,[],0,0,,1,1,1,1,0,0,1,1,"[""organization:read"",""organization:write""]",0,,0,,,null,,,null,,,null,,,[],"2025-10-09 18:25:30","2025-10-09 18:25:30"
0199cadd-622f-7d3c-b578-aa33592e39f8,0199cadd-622c-79b3-a00f-0f6339a6999f,Organization,products,Products,,0,1,,,,0,null,0,,null,0,,null,0,,0,0,0,0,,,OneToMany,Product,organization,,null,0,EXTRA_LAZY,null,0,,,[],,null,,,EntityType,[],0,0,,1,1,1,1,0,0,1,1,"[""organization:read"",""organization:write""]",0,,0,,,null,,,null,,,null,,,[],"2025-10-09 18:25:30","2025-10-09 18:25:30"
0199cadd-622f-7d3c-b578-aa33593b9bc0,0199cadd-622c-79b3-a00f-0f6339a6999f,Organization,productBatches,ProductBatches,,0,1,,,,0,null,0,,null,0,,null,0,,0,0,0,0,,,OneToMany,ProductBatch,organization,,null,0,LAZY,null,0,,,[],,null,,,EntityType,[],0,0,,1,1,1,1,0,0,1,1,"[""organization:read"",""organization:write""]",0,,0,,,null,,,null,,,null,,,[],"2025-10-09 18:25:30","2025-10-09 18:25:30"
0199cadd-622f-7d3c-b578-aa33598f93c7,0199cadd-622c-79b3-a00f-0f6339a6999f,Organization,productCategories,ProductCategories,,0,1,,,,0,null,0,,null,0,,null,0,,0,0,0,0,,,OneToMany,ProductCategory,organization,,null,0,LAZY,null,0,,,[],,null,,,EntityType,[],0,0,,1,1,1,1,0,0,1,1,"[""organization:read"",""organization:write""]",0,,0,,,null,,,null,,,null,,,[],"2025-10-09 18:25:30","2025-10-09 18:25:30"
0199cadd-622f-7d3c-b578-aa335a0d8c7b,0199cadd-622c-79b3-a00f-0f6339a6999f,Organization,productLines,ProductLines,,0,1,,,,0,null,0,,null,0,,null,0,,0,0,0,0,,,OneToMany,ProductLine,organization,,null,0,LAZY,null,0,,,[],,null,,,EntityType,[],0,0,,1,1,1,1,0,0,1,1,"[""organization:read"",""organization:write""]",0,,0,,,null,,,null,,,null,,,[],"2025-10-09 18:25:30","2025-10-09 18:25:30"
0199cadd-622f-7d3c-b578-aa335ab84e87,0199cadd-622c-79b3-a00f-0f6339a6999f,Organization,brands,Brands,,0,1,,,,0,null,0,,null,0,,null,0,,0,0,0,0,,,OneToMany,Brand,organization,,null,0,LAZY,null,0,,,[],,null,,,EntityType,[],0,0,,1,1,1,1,0,0,1,1,"[""organization:read"",""organization:write""]",0,,0,,,null,,,null,,,null,,,[],"2025-10-09 18:25:30","2025-10-09 18:25:30"
0199cadd-622f-7d3c-b578-aa335ad20a25,0199cadd-622c-79b3-a00f-0f6339a6999f,Organization,taxCategories,TaxCategories,,0,1,,,,0,null,0,,null,0,,null,0,,0,0,0,0,,,OneToMany,TaxCategory,organization,,null,0,LAZY,null,0,,,[],,null,,,EntityType,[],0,0,,1,1,1,1,0,0,1,1,"[""organization:read"",""organization:write""]",0,,0,,,null,,,null,,,null,,,[],"2025-10-09 18:25:30","2025-10-09 18:25:30"
0199cadd-622f-7d3c-b578-aa335b8856a1,0199cadd-622c-79b3-a00f-0f6339a6999f,Organization,competitors,Competitors,,0,1,,,,0,null,0,,null,0,,null,0,,0,0,0,0,,,OneToMany,Competitor,organization,,null,0,LAZY,null,0,,,[],,null,,,EntityType,[],0,0,,1,1,1,1,0,0,1,1,"[""organization:read"",""organization:write""]",0,,0,,,null,,,null,,,null,,,[],"2025-10-09 18:25:30","2025-10-09 18:25:30"
0199cadd-622f-7d3c-b578-aa335be800a2,0199cadd-622c-79b3-a00f-0f6339a6999f,Organization,tags,Tags,,0,1,,,,0,null,0,,null,0,,null,0,,0,0,0,0,,,OneToMany,Tag,organization,,null,0,LAZY,null,0,,,[],,null,,,EntityType,[],0,0,,1,1,1,1,0,0,1,1,"[""organization:read"",""organization:write""]",0,,0,,,null,,,null,,,null,,,[],"2025-10-09 18:25:30","2025-10-09 18:25:30"
0199cadd-622f-7d3c-b578-aa335bf1c4ca,0199cadd-622c-79b3-a00f-0f6339a6999f,Organization,billingFrequencies,BillingFrequencies,,0,1,,,,0,null,0,,null,0,,null,0,,0,0,0,0,,,OneToMany,BillingFrequency,organization,,null,0,LAZY,null,0,,,[],,null,,,EntityType,[],0,0,,1,1,1,1,0,0,1,1,"[""organization:read"",""organization:write""]",0,,0,,,null,,,null,,,null,,,[],"2025-10-09 18:25:30","2025-10-09 18:25:30"
0199cadd-622f-7d3c-b578-aa335c59ea9f,0199cadd-622c-79b3-a00f-0f6339a6999f,Organization,calendars,Calendars,,0,1,,,,0,null,0,,null,0,,null,0,,0,0,0,0,,,OneToMany,Calendar,organization,,null,0,LAZY,null,0,,,[],,null,,,EntityType,[],0,0,,1,1,1,1,0,0,1,1,"[""organization:read"",""organization:write""]",0,,0,,,null,,,null,,,null,,,[],"2025-10-09 18:25:30","2025-10-09 18:25:30"
0199cadd-622f-7d3c-b578-aa335cacbc07,0199cadd-622c-79b3-a00f-0f6339a6999f,Organization,events,Events,,0,1,,,,0,null,0,,null,0,,null,0,,0,0,0,0,,,OneToMany,Event,organization,,null,0,EXTRA_LAZY,null,0,,,[],,null,,,EntityType,[],0,0,,1,1,1,1,0,0,1,1,"[""organization:read"",""organization:write""]",0,,0,,,null,,,null,,,null,,,[],"2025-10-09 18:25:30","2025-10-09 18:25:30"
0199cadd-622f-7d3c-b578-aa335cee8f8b,0199cadd-622c-79b3-a00f-0f6339a6999f,Organization,workingHours,WorkingHours,,0,1,,,,0,null,0,,null,0,,null,0,,0,0,0,0,,,OneToMany,WorkingHour,organization,,null,0,LAZY,null,0,,,[],,null,,,EntityType,[],0,0,,1,1,1,1,0,0,1,1,"[""organization:read"",""organization:write""]",0,,0,,,null,,,null,,,null,,,[],"2025-10-09 18:25:30","2025-10-09 18:25:30"
0199cadd-622f-7d3c-b578-aa335decc3ca,0199cadd-622c-79b3-a00f-0f6339a6999f,Organization,holidays,Holidays,,0,1,,,,0,null,0,,null,0,,null,0,,0,0,0,0,,,OneToMany,Holiday,organization,,null,0,LAZY,null,0,,,[],,null,,,EntityType,[],0,0,,1,1,1,1,0,0,1,1,"[""organization:read"",""organization:write""]",0,,0,,,null,,,null,,,null,,,[],"2025-10-09 18:25:30","2025-10-09 18:25:30"
0199cadd-622f-7d3c-b578-aa335ed41fe9,0199cadd-622c-79b3-a00f-0f6339a6999f,Organization,campaigns,Campaigns,,0,1,,,,0,null,0,,null,0,,null,0,,0,0,0,0,,,OneToMany,Campaign,organization,,null,0,EXTRA_LAZY,null,0,,,[],,null,,,EntityType,[],0,0,,1,1,1,1,0,0,1,1,"[""organization:read"",""organization:write""]",0,,0,,,null,,,null,,,null,,,[],"2025-10-09 18:25:30","2025-10-09 18:25:30"
0199cadd-622f-7d3c-b578-aa335eec0741,0199cadd-622c-79b3-a00f-0f6339a6999f,Organization,notificationTypes,NotificationTypes,,0,1,,,,0,null,0,,null,0,,null,0,,0,0,0,0,,,OneToMany,NotificationType,organization,,null,0,LAZY,null,0,,,[],,null,,,EntityType,[],0,0,,1,1,1,1,0,0,1,1,"[""organization:read"",""organization:write""]",0,,0,,,null,,,null,,,null,,,[],"2025-10-09 18:25:30","2025-10-09 18:25:30"
0199cadd-622f-7d3c-b578-aa335f7fc86c,0199cadd-622c-79b3-a00f-0f6339a6999f,Organization,leadSources,LeadSources,,0,1,,,,0,null,0,,null,0,,null,0,,0,0,0,0,,,OneToMany,LeadSource,organization,,null,0,LAZY,null,0,,,[],,null,,,EntityType,[],0,0,,1,1,1,1,0,0,1,1,"[""organization:read"",""organization:write""]",0,,0,,,null,,,null,,,null,,,[],"2025-10-09 18:25:30","2025-10-09 18:25:30"
0199cadd-622f-7d3c-b578-aa335fdb5cb4,0199cadd-622c-79b3-a00f-0f6339a6999f,Organization,eventCategories,EventCategories,,0,1,,,,0,null,0,,null,0,,null,0,,0,0,0,0,,,OneToMany,EventCategory,organization,,null,0,LAZY,null,0,,,[],,null,,,EntityType,[],0,0,,1,1,1,1,0,0,1,1,"[""organization:read"",""organization:write""]",0,,0,,,null,,,null,,,null,,,[],"2025-10-09 18:25:30","2025-10-09 18:25:30"
0199cadd-622f-7d3c-b578-aa3360368f75,0199cadd-622c-79b3-a00f-0f6339a6999f,Organization,eventResources,EventResources,,0,1,,,,0,null,0,,null,0,,null,0,,0,0,0,0,,,OneToMany,EventResource,organization,,null,0,LAZY,null,0,,,[],,null,,,EntityType,[],0,0,,1,1,1,1,0,0,1,1,"[""organization:read"",""organization:write""]",0,,0,,,null,,,null,,,null,,,[],"2025-10-09 18:25:30","2025-10-09 18:25:30"
0199cadd-622f-7d3c-b578-aa3360aeb7da,0199cadd-622c-79b3-a00f-0f6339a6999f,Organization,eventResourceTypes,EventResourceTypes,,0,1,,,,0,null,0,,null,0,,null,0,,0,0,0,0,,,OneToMany,EventResourceType,organization,,null,0,LAZY,null,0,,,[],,null,,,EntityType,[],0,0,,1,1,1,1,0,0,1,1,"[""organization:read"",""organization:write""]",0,,0,,,null,,,null,,,null,,,[],"2025-10-09 18:25:30","2025-10-09 18:25:30"
0199cadd-622f-7d3c-b578-aa3360dc8dbf,0199cadd-622c-79b3-a00f-0f6339a6999f,Organization,eventResourceBookings,EventResourceBookings,,0,1,,,,0,null,0,,null,0,,null,0,,0,0,0,0,,,OneToMany,EventResourceBooking,organization,,null,0,LAZY,null,0,,,[],,null,,,EntityType,[],0,0,,1,1,1,1,0,0,1,1,"[""organization:read"",""organization:write""]",0,,0,,,null,,,null,,,null,,,[],"2025-10-09 18:25:30","2025-10-09 18:25:30"
0199cadd-622f-7d3c-b578-aa336130d8f2,0199cadd-622c-79b3-a00f-0f6339a6999f,Organization,courses,Courses,,0,1,,,,0,null,0,,null,0,,null,0,,0,0,0,0,,,OneToMany,Course,organization,,null,0,LAZY,null,0,,,[],,null,,,EntityType,[],0,0,,1,1,1,1,0,0,1,1,"[""organization:read"",""organization:write""]",0,,0,,,null,,,null,,,null,,,[],"2025-10-09 18:25:30","2025-10-09 18:25:30"
0199cadd-622f-7d3c-b578-aa336154effd,0199cadd-622c-79b3-a00f-0f6339a6999f,Organization,lectures,Lectures,,0,1,,,,0,null,0,,null,0,,null,0,,0,0,0,0,,,OneToMany,Lecture,organization,,null,1,LAZY,null,0,,,[],,null,,,EntityType,[],0,0,,1,1,1,1,0,0,1,1,"[""organization:read"",""organization:write""]",0,,0,,,null,,,null,,,null,,,[],"2025-10-09 18:25:30","2025-10-09 18:25:30"
0199cadd-622f-7d3c-b578-aa33583eedb5,0199cadd-622c-79b3-a00f-0f6339a6999f,Organization,pipelineStages,PipelineStages,,0,1,,,,0,null,0,,null,0,,null,0,,0,0,0,0,,,OneToMany,PipelineStage,organization,,null,0,LAZY,null,0,,,[],,null,,,EntityType,[],0,0,,1,1,1,1,0,0,1,1,"[""organization:read"",""organization:write""]",0,,0,,,null,,,null,,,null,,,[],"2025-10-09 18:25:30","2025-10-09 18:25:30"
0199cadd-622f-7d3c-b578-aa33411ea31c,0199cadd-622c-79b3-a00f-0f6339a6999f,Organization,slug,Slug,string,0,0,50,,,1,null,0,,null,0,,null,0,,0,0,0,0,,,,,,,null,0,LAZY,null,0,,,"[""NotBlank"",""Length(max=255)""]",,null,,,TextType,[],1,0,,1,1,1,1,1,0,1,1,"[""organization:read"",""organization:write""]",0,,0,,,null,,,null,,,null,,word,[],"2025-10-09 18:25:30","2025-10-09 18:25:30"
0199cadd-622f-7d3c-b578-aa3341ededd4,0199cadd-622c-79b3-a00f-0f6339a6999f,Organization,description,Description,text,0,1,,,,0,null,0,,null,0,,null,0,,0,0,0,0,,,,,,,null,0,LAZY,null,0,,,[],,null,,,TextareaType,[],0,0,,1,1,1,1,1,0,1,1,"[""organization:read"",""organization:write""]",0,,0,,,null,,,null,,,null,,paragraph,[],"2025-10-09 18:25:30","2025-10-09 18:25:30"
0199cadd-622f-7d3c-b578-aa33429a378c,0199cadd-622c-79b3-a00f-0f6339a6999f,Organization,status,Status,integer,0,1,,,,0,null,0,,null,0,,null,0,,0,0,0,0,,,,,,,null,0,LAZY,null,0,,,[],,null,,,IntegerType,[],0,0,,1,1,1,1,0,0,1,1,"[""organization:read"",""organization:write""]",0,,0,,,null,,,null,,,null,,randomNumber,[],"2025-10-09 18:25:30","2025-10-09 18:25:30"
0199cadd-622f-7d3c-b578-aa3342ef6be8,0199cadd-622c-79b3-a00f-0f6339a6999f,Organization,address,Address,string,0,1,,,,0,null,0,,null,0,,null,0,,0,0,0,0,,,,,,,null,0,LAZY,null,0,,,"[""Length(max=255)""]",,null,,,TextType,[],0,0,,1,1,1,1,1,0,1,1,"[""organization:read"",""organization:write""]",0,,0,,,null,,,null,,,null,,word,[],"2025-10-09 18:25:30","2025-10-09 18:25:30"
0199cadd-622f-7d3c-b578-aa3343748dc7,0199cadd-622c-79b3-a00f-0f6339a6999f,Organization,city,City,,0,1,,,,0,null,0,,null,0,,null,0,,0,0,0,0,,,ManyToOne,City,,,null,0,LAZY,null,0,,,[],,null,,,EntityType,[],0,0,,1,1,1,1,0,0,1,1,"[""organization:read"",""organization:write""]",0,,0,,,null,,,null,,,null,,,[],"2025-10-09 18:25:30","2025-10-09 18:25:30"
0199cadd-622f-7d3c-b578-aa3343ef8fd6,0199cadd-622c-79b3-a00f-0f6339a6999f,Organization,postalCode,PostalCode,string,0,1,,,,0,null,0,,null,0,,null,0,,0,0,0,0,,,,,,,null,0,LAZY,null,0,,,"[""Length(max=255)""]",,null,,,TextType,[],0,0,,1,1,1,1,1,0,1,1,"[""organization:read"",""organization:write""]",0,,0,,,null,,,null,,,null,,word,[],"2025-10-09 18:25:30","2025-10-09 18:25:30"
0199cadd-622f-7d3c-b578-aa3344d51fbf,0199cadd-622c-79b3-a00f-0f6339a6999f,Organization,geo,Geo,string,0,1,,,,0,null,0,,null,0,,null,0,,0,0,0,0,,,,,,,null,0,LAZY,null,0,,,"[""Length(max=255)""]",,null,,,TextType,[],0,0,,1,1,1,1,1,0,1,1,"[""organization:read"",""organization:write""]",0,,0,,,null,,,null,,,null,,word,[],"2025-10-09 18:25:30","2025-10-09 18:25:30"
0199cadd-622f-7d3c-b578-aa3345ac6325,0199cadd-622c-79b3-a00f-0f6339a6999f,Organization,celPhone,CelPhone,string,0,1,20,,,0,null,0,,null,0,,null,0,,0,0,0,0,,,,,,,null,0,LAZY,null,0,,,"[""Length(max=255)""]",,null,,,TextType,[],0,0,,1,1,1,1,1,0,1,1,"[""organization:read"",""organization:write""]",0,,0,,,null,,,null,,,null,,word,[],"2025-10-09 18:25:30","2025-10-09 18:25:30"
0199cadd-622f-7d3c-b578-aa3346128f35,0199cadd-622c-79b3-a00f-0f6339a6999f,Organization,businessPhone,BusinessPhone,string,0,1,20,,,0,null,0,,null,0,,null,0,,0,0,0,0,,,,,,,null,0,LAZY,null,0,,,"[""Length(max=255)""]",,null,,,TextType,[],0,0,,1,1,1,1,1,0,1,1,"[""organization:read"",""organization:write""]",0,,0,,,null,,,null,,,null,,word,[],"2025-10-09 18:25:30","2025-10-09 18:25:30"
0199cadd-622f-7d3c-b578-aa334697def1,0199cadd-622c-79b3-a00f-0f6339a6999f,Organization,contactName,ContactName,string,0,1,,,,0,null,0,,null,0,,null,0,,0,0,0,0,,,,,,,null,0,LAZY,null,0,,,"[""Length(max=255)""]",,null,,,TextType,[],0,0,,1,1,1,1,1,0,1,1,"[""organization:read"",""organization:write""]",0,,0,,,null,,,null,,,null,,word,[],"2025-10-09 18:25:30","2025-10-09 18:25:30"
0199cadd-622f-7d3c-b578-aa334776fded,0199cadd-622c-79b3-a00f-0f6339a6999f,Organization,website,Website,string,0,1,,,,0,null,0,,null,0,,null,0,,0,0,0,0,,,,,,,null,0,LAZY,null,0,,,"[""Length(max=255)""]",,null,,,TextType,[],0,0,,1,1,1,1,1,0,1,1,"[""organization:read"",""organization:write""]",0,,0,,,null,,,null,,,null,,word,[],"2025-10-09 18:25:30","2025-10-09 18:25:30"
0199cadd-622f-7d3c-b578-aa3347ff9c9c,0199cadd-622c-79b3-a00f-0f6339a6999f,Organization,logoUrl,LogoUrl,string,0,1,,,,0,null,0,,null,0,,null,0,,0,0,0,0,,,,,,,null,0,LAZY,null,0,,,"[""Length(max=255)""]",,null,,,TextType,[],0,0,,1,1,1,1,1,0,1,1,"[""organization:read"",""organization:write""]",0,,0,,,null,,,null,,,null,,word,[],"2025-10-09 18:25:30","2025-10-09 18:25:30"
0199cadd-622f-7d3c-b578-aa3348c53777,0199cadd-622c-79b3-a00f-0f6339a6999f,Organization,branding,Branding,json,0,1,,,,0,null,0,,null,0,,null,0,,0,0,0,0,,,,,,,null,0,LAZY,null,0,,,[],,null,,,TextareaType,[],0,0,,1,1,1,1,0,0,1,1,"[""organization:read"",""organization:write""]",0,,0,,,null,,,null,,,null,,word,[],"2025-10-09 18:25:30","2025-10-09 18:25:30"
0199cadd-622f-7d3c-b578-aa334910daab,0199cadd-622c-79b3-a00f-0f6339a6999f,Organization,navConfig,NavConfig,json,0,1,,,,0,null,0,,null,0,,null,0,,0,0,0,0,,,,,,,null,0,LAZY,null,0,,,[],,null,,,TextareaType,[],0,0,,1,1,1,1,0,0,1,1,"[""organization:read"",""organization:write""]",0,,0,,,null,,,null,,,null,,word,[],"2025-10-09 18:25:30","2025-10-09 18:25:30"
0199cadd-622f-7d3c-b578-aa3349aa31dd,0199cadd-622c-79b3-a00f-0f6339a6999f,Organization,featureFlags,FeatureFlags,json,0,1,,,,0,null,0,,null,0,,null,0,,0,0,0,0,,,,,,,null,0,LAZY,null,0,,,[],,null,,,TextareaType,[],0,0,,1,1,1,1,0,0,1,1,"[""organization:read"",""organization:write""]",0,,0,,,null,,,null,,,null,,word,[],"2025-10-09 18:25:30","2025-10-09 18:25:30"
0199cadd-622f-7d3c-b578-aa334a5a49c1,0199cadd-622c-79b3-a00f-0f6339a6999f,Organization,businessSettings,BusinessSettings,json,0,1,,,,0,null,0,,null,0,,null,0,,0,0,0,0,,,,,,,null,0,LAZY,null,0,,,[],,null,,,TextareaType,[],0,0,,1,1,1,1,0,0,1,1,"[""organization:read"",""organization:write""]",0,,0,,,null,,,null,,,null,,word,[],"2025-10-09 18:25:30","2025-10-09 18:25:30"
0199cadd-622f-7d3c-b578-aa334ac91af7,0199cadd-622c-79b3-a00f-0f6339a6999f,Organization,securityConfig,SecurityConfig,json,0,1,,,,0,null,0,,null,0,,null,0,,0,0,0,0,,,,,,,null,0,LAZY,null,0,,,[],,null,,,TextareaType,[],0,0,,1,1,1,1,0,0,1,1,"[""organization:read"",""organization:write""]",0,,0,,,null,,,null,,,null,,word,[],"2025-10-09 18:25:30","2025-10-09 18:25:30"
0199cadd-622f-7d3c-b578-aa334b1e35fb,0199cadd-622c-79b3-a00f-0f6339a6999f,Organization,integrationConfig,IntegrationConfig,json,0,1,,,,0,null,0,,null,0,,null,0,,0,0,0,0,,,,,,,null,0,LAZY,null,0,,,[],,null,,,TextareaType,[],0,0,,1,1,1,1,0,0,1,1,"[""organization:read"",""organization:write""]",0,,0,,,null,,,null,,,null,,word,[],"2025-10-09 18:25:30","2025-10-09 18:25:30"
0199cadd-622f-7d3c-b578-aa334b71ee5b,0199cadd-622c-79b3-a00f-0f6339a6999f,Organization,uiPreferences,UiPreferences,json,0,1,,,,0,null,0,,null,0,,null,0,,0,0,0,0,,,,,,,null,0,LAZY,null,0,,,[],,null,,,TextareaType,[],0,0,,1,1,1,1,0,0,1,1,"[""organization:read"",""organization:write""]",0,,0,,,null,,,null,,,null,,word,[],"2025-10-09 18:25:30","2025-10-09 18:25:30"
0199cadd-622f-7d3c-b578-aa334be71e66,0199cadd-622c-79b3-a00f-0f6339a6999f,Organization,timeZone,TimeZone,string,0,1,50,,,0,null,0,,null,0,,null,0,,0,0,0,0,,,,,,,null,0,LAZY,null,0,,,"[""Length(max=255)""]",,null,,,TextType,[],0,0,,1,1,1,1,1,0,1,1,"[""organization:read"",""organization:write""]",0,,0,,,null,,,null,,,null,,word,[],"2025-10-09 18:25:30","2025-10-09 18:25:30"
0199cadd-622f-7d3c-b578-aa334cc491b0,0199cadd-622c-79b3-a00f-0f6339a6999f,Organization,currency,Currency,string,0,1,20,,,0,null,0,,null,0,,null,0,,0,0,0,0,,,,,,,null,0,LAZY,null,0,,,"[""Length(max=255)""]",,null,,,TextType,[],0,0,,1,1,1,1,1,0,1,1,"[""organization:read"",""organization:write""]",0,,0,,,null,,,null,,,null,,word,[],"2025-10-09 18:25:30","2025-10-09 18:25:30"
0199cadd-622f-7d3c-b578-aa334d7a8b63,0199cadd-622c-79b3-a00f-0f6339a6999f,Organization,industry,Industry,string,0,1,,,,0,null,0,,null,0,,null,0,,0,0,0,0,,,,,,,null,0,LAZY,null,0,,,"[""Length(max=255)""]",,null,,,TextType,[],0,0,,1,1,1,1,1,0,1,1,"[""organization:read"",""organization:write""]",0,,0,,,null,,,null,,,null,,word,[],"2025-10-09 18:25:30","2025-10-09 18:25:30"
0199cadd-622f-7d3c-b578-aa334e775816,0199cadd-622c-79b3-a00f-0f6339a6999f,Organization,companySize,CompanySize,integer,0,1,10,,,0,null,0,,null,0,,null,0,,0,0,0,0,,,,,,,null,0,LAZY,null,0,,,[],,null,,,IntegerType,[],0,0,,1,1,1,1,0,0,1,1,"[""organization:read"",""organization:write""]",0,,0,,,null,,,null,,,null,,randomNumber,[],"2025-10-09 18:25:30","2025-10-09 18:25:30"
0199cadd-622f-7d3c-b578-aa334f5cdc6f,0199cadd-622c-79b3-a00f-0f6339a6999f,Organization,socialMedias,SocialMedias,,0,1,,,,0,null,0,,null,0,,null,0,,0,0,0,0,,,OneToMany,SocialMedia,organization,,null,0,LAZY,null,0,,,[],,null,,,EntityType,[],0,0,,1,1,1,1,0,0,1,1,"[""organization:read"",""organization:write""]",0,,0,,,null,,,null,,,null,,,[],"2025-10-09 18:25:30","2025-10-09 18:25:30"
0199cadd-622f-7d3c-b578-aa335056cd09,0199cadd-622c-79b3-a00f-0f6339a6999f,Organization,modules,Modules,,0,1,,,,0,null,0,,null,0,,null,0,,0,0,0,0,,,ManyToMany,Module,,,null,0,LAZY,null,0,,,[],,null,,,EntityType,[],0,0,,1,1,1,1,0,0,1,1,"[""organization:read"",""organization:write""]",0,,0,,,null,,,null,,,null,,,[],"2025-10-09 18:25:30","2025-10-09 18:25:30"
0199cadd-622f-7d3c-b578-aa3350c20168,0199cadd-622c-79b3-a00f-0f6339a6999f,Organization,users,Users,,0,1,,,,0,null,0,,null,0,,null,0,,0,0,0,0,,,OneToMany,User,organization,,null,0,EXTRA_LAZY,null,0,,,[],,null,,,EntityType,[],0,0,,1,1,1,1,0,0,1,1,"[""organization:read"",""organization:write""]",0,,0,,,null,,,null,,,null,,,[],"2025-10-09 18:25:30","2025-10-09 18:25:30"
0199cadd-622f-7d3c-b578-aa33518227a8,0199cadd-622c-79b3-a00f-0f6339a6999f,Organization,contacts,Contacts,,0,1,,,,0,null,0,,null,0,,null,0,,0,0,0,0,,,OneToMany,Contact,organization,,null,0,EXTRA_LAZY,null,0,,,[],,null,,,EntityType,[],0,0,,1,1,1,1,0,0,1,1,"[""organization:read"",""organization:write""]",0,,0,,,null,,,null,,,null,,,[],"2025-10-09 18:25:30","2025-10-09 18:25:30"
0199cadd-622f-7d3c-b578-aa335250b71c,0199cadd-622c-79b3-a00f-0f6339a6999f,Organization,companies,Companies,,0,1,,,,0,null,0,,null,0,,null,0,,0,0,0,0,,,OneToMany,Company,organization,,null,0,EXTRA_LAZY,null,0,,,[],,null,,,EntityType,[],0,0,,1,1,1,1,0,0,1,1,"[""organization:read"",""organization:write""]",0,,0,,,null,,,null,,,null,,,[],"2025-10-09 18:25:30","2025-10-09 18:25:30"
0199cadd-622f-7d3c-b578-aa3352eb46e8,0199cadd-622c-79b3-a00f-0f6339a6999f,Organization,profiles,Profiles,,0,1,,,,0,null,0,,null,0,,null,0,,0,0,0,0,,,OneToMany,Profile,organization,,null,0,LAZY,null,0,,,[],,null,,,EntityType,[],0,0,,1,1,1,1,0,0,1,1,"[""organization:read"",""organization:write""]",0,,0,,,null,,,null,,,null,,,[],"2025-10-09 18:25:30","2025-10-09 18:25:30"
0199cadd-622f-7d3c-b578-aa3353c27528,0199cadd-622c-79b3-a00f-0f6339a6999f,Organization,flags,Flags,,0,1,,,,0,null,0,,null,0,,null,0,,0,0,0,0,,,OneToMany,Flag,organization,,null,0,LAZY,null,0,,,[],,null,,,EntityType,[],0,0,,1,1,1,1,0,0,1,1,"[""organization:read"",""organization:write""]",0,,0,,,null,,,null,,,null,,,[],"2025-10-09 18:25:30","2025-10-09 18:25:30"
0199cadd-622f-7d3c-b578-aa33541abc0a,0199cadd-622c-79b3-a00f-0f6339a6999f,Organization,agents,Agents,,0,1,,,,0,null,0,,null,0,,null,0,,0,0,0,0,,,OneToMany,Agent,organization,,null,0,LAZY,null,0,,,[],,null,,,EntityType,[],0,0,,1,1,1,1,0,0,1,1,"[""organization:read"",""organization:write""]",0,,0,,,null,,,null,,,null,,,[],"2025-10-09 18:25:30","2025-10-09 18:25:30"
0199cadd-622f-7d3c-b578-aa3354cdedc4,0199cadd-622c-79b3-a00f-0f6339a6999f,Organization,talks,Talks,,0,1,,,,0,null,0,,null,0,,null,0,,0,0,0,0,,,OneToMany,Talk,organization,,null,0,EXTRA_LAZY,null,0,,,[],,null,,,EntityType,[],0,0,,1,1,1,1,0,0,1,1,"[""organization:read"",""organization:write""]",0,,0,,,null,,,null,,,null,,,[],"2025-10-09 18:25:30","2025-10-09 18:25:30"
0199cadd-622f-7d3c-b578-aa3355ca5762,0199cadd-622c-79b3-a00f-0f6339a6999f,Organization,talkTypes,TalkTypes,,0,1,,,,0,null,0,,null,0,,null,0,,0,0,0,0,,,OneToMany,TalkType,organization,,null,0,LAZY,null,0,,,[],,null,,,EntityType,[],0,0,,1,1,1,1,0,0,1,1,"[""organization:read"",""organization:write""]",0,,0,,,null,,,null,,,null,,,[],"2025-10-09 18:25:30","2025-10-09 18:25:30"
0199cadd-622f-7d3c-b578-aa33568c4d1a,0199cadd-622c-79b3-a00f-0f6339a6999f,Organization,talkMessages,TalkMessages,,0,1,,,,0,null,0,,null,0,,null,0,,0,0,0,0,,,OneToMany,TalkMessage,organization,,null,0,LAZY,null,0,,,[],,null,,,EntityType,[],0,0,,1,1,1,1,0,0,1,1,"[""organization:read"",""organization:write""]",0,,0,,,null,,,null,,,null,,,[],"2025-10-09 18:25:30","2025-10-09 18:25:30"
0199cadd-622f-7d3c-b578-aa33573e5f87,0199cadd-622c-79b3-a00f-0f6339a6999f,Organization,deals,Deals,,0,1,,,,0,null,0,,null,0,,null,0,,0,0,0,0,,,OneToMany,Deal,organization,,null,0,EXTRA_LAZY,null,0,,,[],,null,,,EntityType,[],0,0,,1,1,1,1,0,0,1,1,"[""organization:read"",""organization:write""]",0,,0,,,null,,,null,,,null,,,[],"2025-10-09 18:25:30","2025-10-09 18:25:30"
0199cadd-622f-7d3c-b578-aa3357502b42,0199cadd-622c-79b3-a00f-0f6339a6999f,Organization,dealStages,DealStages,,0,1,,,,0,null,0,,null,0,,null,0,,0,0,0,0,,,OneToMany,DealStage,organization,,null,0,LAZY,null,0,,,[],,null,,,EntityType,[],0,0,,1,1,1,1,0,0,1,1,"[""organization:read"",""organization:write""]",0,,0,,,null,,,null,,,null,,,[],"2025-10-09 18:25:30","2025-10-09 18:25:30"
91e0586d-c350-4bfa-8840-129110a19192,0199cadd-622c-79b3-a00f-0f6339a6999f,Organization,logoPath,"Logo Path",string,1,1,255,,,0,null,0,,null,0,,null,0,,0,0,0,0,,,,,,,null,0,LAZY,null,0,,,"[""Length(max=255)""]",,null,,,TextType,null,0,0,,0,1,1,0,0,0,1,1,"[""organization:read"",""organization:write""]",0,,0,,,null,,,null,,,null,,,null,"2025-10-18 05:46:30","2025-10-18 05:46:30"
84fce102-4f4a-46a1-b8f3-f1111c9745c9,0199cadd-622c-79b3-a00f-0f6339a6999f,Organization,logoPathDark,"Logo Path Dark",string,2,1,255,,,0,null,0,,null,0,,null,0,,0,0,0,0,,,,,,,null,0,LAZY,null,0,,,"[""Length(max=255)""]",,null,,,TextType,null,0,0,,0,1,1,0,0,0,1,1,"[""organization:read"",""organization:write""]",0,,0,,,null,,,null,,,null,,,null,"2025-10-18 05:46:30","2025-10-18 05:46:30"
5a1eb062-2e6a-4fe5-ab76-b631e05d52ca,0199cadd-622c-79b3-a00f-0f6339a6999f,Organization,isActive,"Is Active",boolean,3,0,,,,0,"""true""",0,,null,0,,null,0,,0,0,0,0,,,,,,,null,0,LAZY,null,0,,,[],,null,,,CheckboxType,null,0,0,,1,1,1,0,0,0,1,1,"[""organization:read"",""organization:write""]",0,,0,,,null,,,null,,,null,,,null,"2025-10-18 05:46:30","2025-10-18 05:46:30"
0c4f0ea3-f458-451f-8e77-06ac924889c8,0199cadd-622c-79b3-a00f-0f6339a6999f,Organization,studentCourses,"Student Courses",,4,0,,,,0,null,0,,null,0,,null,0,,0,0,0,0,,,OneToMany,StudentCourse,,organization,null,0,LAZY,null,0,,,null,,null,,,EntityType,null,0,0,,0,1,0,0,0,0,1,1,"[""organization:read""]",0,,0,,,null,,,null,,,null,,,null,"2025-10-18 05:46:30","2025-10-18 05:46:30"
0199cadd-6486-7be7-a790-c0b4ce751556,0199cadd-6485-7c39-bd8b-8930eb7c78ae,Event,meetingDatas,MeetingDatas,,0,1,,,,0,null,0,,null,0,,null,0,,0,0,0,0,,,OneToMany,MeetingData,event,,null,0,LAZY,null,0,,,[],,null,,,EntityType,[],0,0,,1,1,1,1,0,0,1,1,"[""event:read"",""event:write""]",0,,0,,,null,,,null,,,null,,,[],"2025-10-09 18:25:30","2025-10-09 18:25:30"
0199cadd-6486-7be7-a790-c0b4c711be37,0199cadd-6485-7c39-bd8b-8930eb7c78ae,Event,recurrenceEndDate,RecurrenceEndDate,date,0,1,,,,0,null,0,,null,0,,null,0,,0,0,0,0,,,,,,,null,0,LAZY,null,0,,,[],,null,,,DateType,[],0,0,,1,1,1,1,0,0,1,1,"[""event:read"",""event:write""]",0,,0,,,null,,,null,,,null,,date,[],"2025-10-09 18:25:30","2025-10-09 18:25:30"
0199cadd-6486-7be7-a790-c0b4c7b5a94d,0199cadd-6485-7c39-bd8b-8930eb7c78ae,Event,recurrenceCount,RecurrenceCount,integer,0,1,,,,0,null,0,,null,0,,null,0,,0,0,0,0,,,,,,,null,0,LAZY,null,0,,,[],,null,,,IntegerType,[],0,0,,1,1,1,1,0,0,1,1,"[""event:read"",""event:write""]",0,,0,,,null,,,null,,,null,,randomNumber,[],"2025-10-09 18:25:30","2025-10-09 18:25:30"
0199cadd-6486-7be7-a790-c0b4c8a0ff9a,0199cadd-6485-7c39-bd8b-8930eb7c78ae,Event,originalStartTime,OriginalStartTime,datetime,0,1,,,,0,null,0,,null,0,,null,0,,0,0,0,0,,,,,,,null,0,LAZY,null,0,,,[],,null,,,DateTimeType,[],0,0,,1,1,1,1,0,0,1,1,"[""event:read"",""event:write""]",0,,0,,,null,,,null,,,null,,dateTime,[],"2025-10-09 18:25:30","2025-10-09 18:25:30"
0199cadd-6486-7be7-a790-c0b4c98b58a1,0199cadd-6485-7c39-bd8b-8930eb7c78ae,Event,sequence,Sequence,integer,0,1,,,,0,null,0,,null,0,,null,0,,0,0,0,0,,,,,,,null,0,LAZY,null,0,,,[],,null,,,IntegerType,[],0,0,,1,1,1,1,0,0,1,1,"[""event:read"",""event:write""]",0,,0,,,null,,,null,,,null,,randomNumber,[],"2025-10-09 18:25:30","2025-10-09 18:25:30"
0199cadd-6486-7be7-a790-c0b4ca152c25,0199cadd-6485-7c39-bd8b-8930eb7c78ae,Event,categories,Categories,,0,1,,,,0,null,0,,null,0,,null,0,,0,0,0,0,,,ManyToMany,EventCategory,events,,null,0,LAZY,null,0,,,[],,null,,,EntityType,[],0,0,,1,1,1,1,0,0,1,1,"[""event:read"",""event:write""]",0,,0,,,null,,,null,,,null,,,[],"2025-10-09 18:25:30","2025-10-09 18:25:30"
0199cadd-6486-7be7-a790-c0b4caf4e668,0199cadd-6485-7c39-bd8b-8930eb7c78ae,Event,parentEvent,ParentEvent,,0,1,,,,0,null,0,,null,0,,null,0,,0,0,0,0,,,ManyToOne,Event,childrenEvents,,null,0,LAZY,null,0,,,[],,null,,,EntityType,[],0,0,,1,1,1,1,0,0,1,1,"[""event:read"",""event:write""]",0,,0,,,null,,,null,,,null,,,[],"2025-10-09 18:25:30","2025-10-09 18:25:30"
0199cadd-6486-7be7-a790-c0b4cb4eb32a,0199cadd-6485-7c39-bd8b-8930eb7c78ae,Event,childrenEvents,ChildrenEvents,,0,1,,,,0,null,0,,null,0,,null,0,,0,0,0,0,,,OneToMany,Event,parentEvent,,null,0,LAZY,null,0,,,[],,null,,,EntityType,[],0,0,,1,1,1,1,0,0,1,1,"[""event:read"",""event:write""]",0,,0,,,null,,,null,,,null,,,[],"2025-10-09 18:25:30","2025-10-09 18:25:30"
0199cadd-6486-7be7-a790-c0b4cc08e628,0199cadd-6485-7c39-bd8b-8930eb7c78ae,Event,organizer,Organizer,,0,1,,,,0,null,0,,null,0,,null,0,,0,0,0,0,,,ManyToOne,User,organizedEvents,,null,0,LAZY,null,0,,,[],,null,,,EntityType,[],0,0,,1,1,1,1,0,0,1,1,"[""event:read"",""event:write""]",0,,0,,,null,,,null,,,null,,,[],"2025-10-09 18:25:30","2025-10-09 18:25:30"
0199cadd-6486-7be7-a790-c0b4ccf1ec02,0199cadd-6485-7c39-bd8b-8930eb7c78ae,Event,attendees,Attendees,,0,1,,,,0,null,0,,null,0,,null,0,,0,0,0,0,,,OneToMany,EventAttendee,event,,null,1,LAZY,null,0,,,[],,null,,,EntityType,[],0,0,,1,1,1,1,0,0,1,1,"[""event:read"",""event:write""]",0,,0,,,null,,,null,,,null,,,[],"2025-10-09 18:25:30","2025-10-09 18:25:30"
0199cadd-6486-7be7-a790-c0b4cd3b47d4,0199cadd-6485-7c39-bd8b-8930eb7c78ae,Event,attachments,Attachments,,0,1,,,,0,null,0,,null,0,,null,0,,0,0,0,0,,,OneToMany,Attachment,event,,null,0,LAZY,null,0,,,[],,null,,,EntityType,[],0,0,,1,1,1,1,0,0,1,1,"[""event:read"",""event:write""]",0,,0,,,null,,,null,,,null,,,[],"2025-10-09 18:25:30","2025-10-09 18:25:30"
0199cadd-6486-7be7-a790-c0b4cd6dbb21,0199cadd-6485-7c39-bd8b-8930eb7c78ae,Event,reminders,Reminders,,0,1,,,,0,null,0,,null,0,,null,0,,0,0,0,0,,,OneToMany,Reminder,event,,null,0,LAZY,null,0,,,[],,null,,,EntityType,[],0,0,,1,1,1,1,0,0,1,1,"[""event:read"",""event:write""]",0,,0,,,null,,,null,,,null,,,[],"2025-10-09 18:25:30","2025-10-09 18:25:30"
0199cadd-6486-7be7-a790-c0b4cdf33619,0199cadd-6485-7c39-bd8b-8930eb7c78ae,Event,notifications,Notifications,,0,1,,,,0,null,0,,null,0,,null,0,,0,0,0,0,,,OneToMany,Notification,event,,null,0,LAZY,null,0,,,[],,null,,,EntityType,[],0,0,,1,1,1,1,0,0,1,1,"[""event:read"",""event:write""]",0,,0,,,null,,,null,,,null,,,[],"2025-10-09 18:25:30","2025-10-09 18:25:30"
0199cadd-6486-7be7-a790-c0b4ce7e21f8,0199cadd-6485-7c39-bd8b-8930eb7c78ae,Event,workingHours,WorkingHours,,0,1,,,,0,null,0,,null,0,,null,0,,0,0,0,0,,,OneToMany,WorkingHour,event,,null,0,LAZY,null,0,,,[],,null,,,EntityType,[],0,0,,1,1,1,1,0,0,1,1,"[""event:read"",""event:write""]",0,,0,,,null,,,null,,,null,,,[],"2025-10-09 18:25:30","2025-10-09 18:25:30"
0199cadd-6486-7be7-a790-c0b4cf6fd642,0199cadd-6485-7c39-bd8b-8930eb7c78ae,Event,holidays,Holidays,,0,1,,,,0,null,0,,null,0,,null,0,,0,0,0,0,,,OneToMany,Holiday,event,,null,0,LAZY,null,0,,,[],,null,,,EntityType,[],0,0,,1,1,1,1,0,0,1,1,"[""event:read"",""event:write""]",0,,0,,,null,,,null,,,null,,,[],"2025-10-09 18:25:30","2025-10-09 18:25:30"
0199cadd-6486-7be7-a790-c0b4cfbf31f8,0199cadd-6485-7c39-bd8b-8930eb7c78ae,Event,resourceBookings,ResourceBookings,,0,1,,,,0,null,0,,null,0,,null,0,,0,0,0,0,,,OneToMany,EventResourceBooking,event,,null,0,LAZY,null,0,,,[],,null,,,EntityType,[],0,0,,1,1,1,1,0,0,1,1,"[""event:read"",""event:write""]",0,,0,,,null,,,null,,,null,,,[],"2025-10-09 18:25:30","2025-10-09 18:25:30"
0199cadd-6486-7be7-a790-c0b4d04f66b1,0199cadd-6485-7c39-bd8b-8930eb7c78ae,Event,hangoutLink,HangoutLink,string,0,1,,,,0,null,0,,null,0,,null,0,,0,0,0,0,,,,,,,null,0,LAZY,null,0,,,"[""Length(max=255)""]",,null,,,TextType,[],0,0,,1,1,1,1,1,0,1,1,"[""event:read"",""event:write""]",0,,0,,,null,,,null,,,null,,word,[],"2025-10-09 18:25:30","2025-10-09 18:25:30"
0199cadd-6486-7be7-a790-c0b4d06482c0,0199cadd-6485-7c39-bd8b-8930eb7c78ae,Event,conferenceData,ConferenceData,json,0,1,,,,0,null,0,,null,0,,null,0,,0,0,0,0,,,,,,,null,0,LAZY,null,0,,,[],,null,,,TextareaType,[],0,0,,1,1,1,1,0,0,1,1,"[""event:read"",""event:write""]",0,,0,,,null,,,null,,,null,,word,[],"2025-10-09 18:25:30","2025-10-09 18:25:30"
0199cadd-6486-7be7-a790-c0b4d0d7de45,0199cadd-6485-7c39-bd8b-8930eb7c78ae,Event,extendedProperties,ExtendedProperties,json,0,1,,,,0,null,0,,null,0,,null,0,,0,0,0,0,,,,,,,null,0,LAZY,null,0,,,[],,null,,,TextareaType,[],0,0,,1,1,1,1,0,0,1,1,"[""event:read"",""event:write""]",0,,0,,,null,,,null,,,null,,word,[],"2025-10-09 18:25:30","2025-10-09 18:25:30"
0199cadd-6486-7be7-a790-c0b4d189797c,0199cadd-6485-7c39-bd8b-8930eb7c78ae,Event,source,Source,json,0,1,,,,0,null,0,,null,0,,null,0,,0,0,0,0,,,,,,,null,0,LAZY,null,0,,,[],,null,,,TextareaType,[],0,0,,1,1,1,1,0,0,1,1,"[""event:read"",""event:write""]",0,,0,,,null,,,null,,,null,,word,[],"2025-10-09 18:25:30","2025-10-09 18:25:30"
0199cadd-6486-7be7-a790-c0b4d25db48d,0199cadd-6485-7c39-bd8b-8930eb7c78ae,Event,notes,Notes,text,0,1,,,,0,null,0,,null,0,,null,0,,0,0,0,0,,,,,,,null,0,LAZY,null,0,,,[],,null,,,TextareaType,[],0,0,,1,1,1,1,1,0,1,1,"[""event:read"",""event:write""]",0,,0,,,null,,,null,,,null,,paragraph,[],"2025-10-09 18:25:30","2025-10-09 18:25:30"
0199cadd-6486-7be7-a790-c0b4c07bf1b9,0199cadd-6485-7c39-bd8b-8930eb7c78ae,Event,name,Name,string,0,0,,,,0,null,0,,null,0,,null,0,,0,0,0,0,,,,,,,null,0,LAZY,null,0,,,"[""NotBlank"",""Length(max=255)""]",,null,,,TextType,[],1,0,,1,1,1,1,1,0,1,1,"[""event:read"",""event:write""]",0,,0,,,null,,,null,,,null,,word,[],"2025-10-09 18:25:30","2025-10-09 18:25:30"
0199cadd-6486-7be7-a790-c0b4c0944398,0199cadd-6485-7c39-bd8b-8930eb7c78ae,Event,organization,Organization,,0,1,,,,0,null,0,,null,0,,null,0,,0,0,0,0,,,ManyToOne,Organization,events,,null,0,LAZY,null,0,,,[],,null,,,EntityType,[],0,0,,1,1,0,1,0,0,1,1,"[""event:read"",""event:write""]",0,,0,,,null,,,null,,,null,,,[],"2025-10-09 18:25:30","2025-10-09 18:25:30"
0199cadd-6486-7be7-a790-c0b4c0fcd1f5,0199cadd-6485-7c39-bd8b-8930eb7c78ae,Event,calendar,Calendar,,0,1,,,,0,null,0,,null,0,,null,0,,0,0,0,0,,,ManyToOne,Calendar,events,,null,0,LAZY,null,0,,,[],,null,,,EntityType,[],0,0,,1,1,1,1,0,0,1,1,"[""event:read"",""event:write""]",0,,0,,,null,,,null,,,null,,,[],"2025-10-09 18:25:30","2025-10-09 18:25:30"
0199cadd-6486-7be7-a790-c0b4c12e4809,0199cadd-6485-7c39-bd8b-8930eb7c78ae,Event,description,Description,text,0,1,,,,0,null,0,,null,0,,null,0,,0,0,0,0,,,,,,,null,0,LAZY,null,0,,,[],,null,,,TextareaType,[],0,0,,1,1,1,1,1,0,1,1,"[""event:read"",""event:write""]",0,,0,,,null,,,null,,,null,,paragraph,[],"2025-10-09 18:25:30","2025-10-09 18:25:30"
0199cadd-6486-7be7-a790-c0b4c1758de5,0199cadd-6485-7c39-bd8b-8930eb7c78ae,Event,location,Location,string,0,1,,,,0,null,0,,null,0,,null,0,,0,0,0,0,,,,,,,null,0,LAZY,null,0,,,"[""Length(max=255)""]",,null,,,TextType,[],0,0,,1,1,1,1,1,0,1,1,"[""event:read"",""event:write""]",0,,0,,,null,,,null,,,null,,word,[],"2025-10-09 18:25:30","2025-10-09 18:25:30"
0199cadd-6486-7be7-a790-c0b4c1e72f11,0199cadd-6485-7c39-bd8b-8930eb7c78ae,Event,geo,Geo,string,0,1,,,,0,null,0,,null,0,,null,0,,0,0,0,0,,,,,,,null,0,LAZY,null,0,,,"[""Length(max=255)""]",,null,,,TextType,[],0,0,,1,1,1,1,1,0,1,1,"[""event:read"",""event:write""]",0,,0,,,null,,,null,,,null,,word,[],"2025-10-09 18:25:30","2025-10-09 18:25:30"
0199cadd-6486-7be7-a790-c0b4c2d17031,0199cadd-6485-7c39-bd8b-8930eb7c78ae,Event,startTime,StartTime,datetime,0,1,,,,0,null,0,,null,0,,null,0,,0,0,0,0,,,,,,,null,0,LAZY,null,0,,,[],,null,,,DateTimeType,[],0,0,,1,1,1,1,0,0,1,1,"[""event:read"",""event:write""]",0,,0,,,null,,,null,,,null,,dateTime,[],"2025-10-09 18:25:30","2025-10-09 18:25:30"
0199cadd-6486-7be7-a790-c0b4c3b94b13,0199cadd-6485-7c39-bd8b-8930eb7c78ae,Event,endTime,EndTime,datetime,0,1,,,,0,null,0,,null,0,,null,0,,0,0,0,0,,,,,,,null,0,LAZY,null,0,,,[],,null,,,DateTimeType,[],0,0,,1,1,1,1,0,0,1,1,"[""event:read"",""event:write""]",0,,0,,,null,,,null,,,null,,dateTime,[],"2025-10-09 18:25:30","2025-10-09 18:25:30"
0199cadd-6486-7be7-a790-c0b4c3ee7330,0199cadd-6485-7c39-bd8b-8930eb7c78ae,Event,allDay,AllDay,boolean,0,1,,,,0,null,0,,null,0,,null,0,,0,0,0,0,,,,,,,null,0,LAZY,null,0,,,[],,null,,,CheckboxType,[],0,0,,1,1,1,1,0,0,1,1,"[""event:read"",""event:write""]",0,,0,,,null,,,null,,,null,,boolean,[],"2025-10-09 18:25:30","2025-10-09 18:25:30"
0199cadd-6486-7be7-a790-c0b4c4872a81,0199cadd-6485-7c39-bd8b-8930eb7c78ae,Event,eventStatus,EventStatus,integer,0,1,,,,0,null,0,,null,0,,null,0,,0,0,0,0,,,,,,,null,0,LAZY,null,0,,,[],,null,,,IntegerType,[],0,0,,1,1,1,1,0,0,1,1,"[""event:read"",""event:write""]",0,,0,,,null,,,null,,,null,,randomNumber,[],"2025-10-09 18:25:30","2025-10-09 18:25:30"
0199cadd-6486-7be7-a790-c0b4c4f5af52,0199cadd-6485-7c39-bd8b-8930eb7c78ae,Event,visibility,Visibility,boolean,0,1,,,,0,null,0,,null,0,,null,0,,0,0,0,0,,,,,,,null,0,LAZY,null,0,,,[],,null,,,CheckboxType,[],0,0,,1,1,1,1,0,0,1,1,"[""event:read"",""event:write""]",0,,0,,,null,,,null,,,null,,boolean,[],"2025-10-09 18:25:30","2025-10-09 18:25:30"
0199cadd-6486-7be7-a790-c0b4c517a395,0199cadd-6485-7c39-bd8b-8930eb7c78ae,Event,priority,Priority,integer,0,1,,,,0,null,0,,null,0,,null,0,,0,0,0,0,,,,,,,null,0,LAZY,null,0,,,[],,null,,,IntegerType,[],0,0,,1,1,1,1,0,0,1,1,"[""event:read"",""event:write""]",0,,0,,,null,,,null,,,null,,randomNumber,[],"2025-10-09 18:25:30","2025-10-09 18:25:30"
0199cadd-6486-7be7-a790-c0b4c5cde614,0199cadd-6485-7c39-bd8b-8930eb7c78ae,Event,recurrenceInterval,RecurrenceInterval,float,0,1,,,,0,null,0,,null,0,,null,0,,0,0,0,0,,,,,,,null,0,LAZY,null,0,,,[],,null,,,TextType,[],0,0,,1,1,1,1,0,0,1,1,"[""event:read"",""event:write""]",0,,0,,,null,,,null,,,null,,word,[],"2025-10-09 18:25:30","2025-10-09 18:25:30"
0199cadd-6486-7be7-a790-c0b4c68e9ac1,0199cadd-6485-7c39-bd8b-8930eb7c78ae,Event,recurrenceFrequency,RecurrenceFrequency,integer,0,1,,,,0,null,0,,null,0,,null,0,,0,0,0,0,,,,,,,null,0,LAZY,null,0,,,[],,null,,,IntegerType,[],0,0,,1,1,1,1,0,0,1,1,"[""event:read"",""event:write""]",0,,0,,,null,,,null,,,null,,randomNumber,[],"2025-10-09 18:25:30","2025-10-09 18:25:30"
0199cadd-639e-72a6-9079-52f3b3f6cf67,0199cadd-639e-72a6-9079-52f3b283277e,LeadSource,description,Description,text,0,1,,,,0,null,0,,null,0,,null,0,,0,0,0,0,,,,,,,null,0,LAZY,null,0,,,[],,null,,,TextareaType,[],0,0,,1,1,1,1,1,0,1,1,"[""leadsource:read"",""leadsource:write""]",0,,0,,,null,,,null,,,null,,paragraph,[],"2025-10-09 18:25:30","2025-10-09 18:25:30"
0199cadd-639e-72a6-9079-52f3b45a4498,0199cadd-639e-72a6-9079-52f3b283277e,LeadSource,group,Group,string,0,1,,,,0,null,0,,null,0,,null,0,,0,0,0,0,,,,,,,null,0,LAZY,null,0,,,"[""Length(max=255)""]",,null,,,TextType,[],0,0,,1,1,1,1,1,0,1,1,"[""leadsource:read"",""leadsource:write""]",0,,0,,,null,,,null,,,null,,word,[],"2025-10-09 18:25:30","2025-10-09 18:25:30"
0199cadd-639e-72a6-9079-52f3b49964b6,0199cadd-639e-72a6-9079-52f3b283277e,LeadSource,active,Active,boolean,0,1,,,,0,null,0,,null,0,,null,0,,0,0,0,0,,,,,,,null,0,LAZY,null,0,,,[],,null,,,CheckboxType,[],0,0,,1,1,1,1,0,0,1,1,"[""leadsource:read"",""leadsource:write""]",0,,0,,,null,,,null,,,null,,boolean,[],"2025-10-09 18:25:30","2025-10-09 18:25:30"
0199cadd-639e-72a6-9079-52f3b54d4e6b,0199cadd-639e-72a6-9079-52f3b283277e,LeadSource,deals,Deals,,0,1,,,,0,null,0,,null,0,,null,0,,0,0,0,0,,,OneToMany,Deal,leadSource,,null,0,EXTRA_LAZY,null,0,,,[],,null,,,EntityType,[],0,0,,1,1,1,1,0,0,1,1,"[""leadsource:read"",""leadsource:write""]",0,,0,,,null,,,null,,,null,,,[],"2025-10-09 18:25:30","2025-10-09 18:25:30"
0199cadd-639e-72a6-9079-52f3b33a49b6,0199cadd-639e-72a6-9079-52f3b283277e,LeadSource,organization,Organization,,0,1,,,,0,null,0,,null,0,,null,0,,0,0,0,0,,,ManyToOne,Organization,leadSources,,null,0,LAZY,null,0,,,[],,null,,,EntityType,[],0,0,,1,1,0,1,0,0,1,1,"[""leadsource:read"",""leadsource:write""]",0,,0,,,null,,,null,,,null,,,[],"2025-10-09 18:25:30","2025-10-09 18:25:30"
0199cadd-639e-72a6-9079-52f3b3170a48,0199cadd-639e-72a6-9079-52f3b283277e,LeadSource,name,Name,string,0,0,,,,0,null,0,,null,0,,null,0,,0,0,0,0,,,,,,,null,0,LAZY,null,0,,,"[""NotBlank"",""Length(max=255)""]",,null,,,TextType,[],1,0,,1,1,1,1,1,0,1,1,"[""leadsource:read"",""leadsource:write""]",0,,0,,,null,,,null,,,null,,word,[],"2025-10-09 18:25:30","2025-10-09 18:25:30"
0199cadd-625a-7b67-91f6-a0994ac20e51,0199cadd-625a-7b67-91f6-a09949aa2231,Module,description,Description,string,0,1,,,,0,null,0,,null,0,,null,0,,0,0,0,0,,,,,,,null,0,LAZY,null,0,,,"[""Length(max=255)""]",,null,,,TextType,[],0,0,,1,1,1,1,1,0,1,1,"[""module:read"",""module:write""]",0,,0,,,null,,,null,,,null,,word,[],"2025-10-09 18:25:30","2025-10-09 18:25:30"
0199cadd-625a-7b67-91f6-a0994bfc20ed,0199cadd-625a-7b67-91f6-a09949aa2231,Module,version,Version,string,0,1,,,,0,null,0,,null,0,,null,0,,0,0,0,0,,,,,,,null,0,LAZY,null,0,,,"[""Length(max=255)""]",,null,,,TextType,[],0,0,,1,1,1,1,1,0,1,1,"[""module:read"",""module:write""]",0,,0,,,null,,,null,,,null,,word,[],"2025-10-09 18:25:30","2025-10-09 18:25:30"
0199cadd-625a-7b67-91f6-a0994ba4c564,0199cadd-625a-7b67-91f6-a09949aa2231,Module,enabled,Enabled,boolean,0,1,,,,0,null,0,,null,0,,null,0,,0,0,0,0,,,,,,,null,0,LAZY,null,0,,,[],,null,,,CheckboxType,[],0,0,,1,1,1,1,0,0,1,1,"[""module:read"",""module:write""]",0,,0,,,null,,,null,,,null,,boolean,[],"2025-10-09 18:25:30","2025-10-09 18:25:30"
0199cadd-625a-7b67-91f6-a0994a21e8bb,0199cadd-625a-7b67-91f6-a09949aa2231,Module,name,Name,string,0,0,,,,0,null,0,,null,0,,null,0,,0,0,0,0,,,,,,,null,0,LAZY,null,0,,,"[""NotBlank"",""Length(max=255)""]",,null,,,TextType,[],1,0,,1,1,1,1,1,0,1,1,"[""module:read"",""module:write""]",0,,0,,,null,,,null,,,null,,word,[],"2025-10-09 18:25:30","2025-10-09 18:25:30"
0199cadd-64ae-737c-b632-5f8df2ee12e6,0199cadd-64ae-737c-b632-5f8df05bf184,Reminder,minutesBeforeStart,MinutesBeforeStart,integer,0,1,,,,0,null,0,,null,0,,null,0,,0,0,0,0,,,,,,,null,0,LAZY,null,0,,,[],,null,,,IntegerType,[],0,0,,1,1,1,1,0,0,1,1,"[""reminder:read"",""reminder:write""]",0,,0,,,null,,,null,,,null,,randomNumber,[],"2025-10-09 18:25:30","2025-10-09 18:25:30"
0199cadd-64ae-737c-b632-5f8df3433ef2,0199cadd-64ae-737c-b632-5f8df05bf184,Reminder,default,Default,boolean,0,1,,,,0,null,0,,null,0,,null,0,,0,0,0,0,,,,,,,null,0,LAZY,null,0,,,[],,null,,,CheckboxType,[],0,0,,1,1,1,1,0,0,1,1,"[""reminder:read"",""reminder:write""]",0,,0,,,null,,,null,,,null,,boolean,[],"2025-10-09 18:25:30","2025-10-09 18:25:30"
0199cadd-64ae-737c-b632-5f8df06bf02c,0199cadd-64ae-737c-b632-5f8df05bf184,Reminder,name,Name,string,0,1,,,,0,null,0,,null,0,,null,0,,0,0,0,0,,,,,,,null,0,LAZY,null,0,,,"[""Length(max=255)""]",,null,,,TextType,[],0,0,,1,1,1,1,1,0,1,1,"[""reminder:read"",""reminder:write""]",0,,0,,,null,,,null,,,null,,word,[],"2025-10-09 18:25:30","2025-10-09 18:25:30"
0199cadd-64ae-737c-b632-5f8df128fd3c,0199cadd-64ae-737c-b632-5f8df05bf184,Reminder,event,Event,,0,1,,,,0,null,0,,null,0,,null,0,,0,0,0,0,,,ManyToOne,Event,reminders,,null,0,LAZY,null,0,,,[],,null,,,EntityType,[],0,0,,1,1,1,1,0,0,1,1,"[""reminder:read"",""reminder:write""]",0,,0,,,null,,,null,,,null,,,[],"2025-10-09 18:25:30","2025-10-09 18:25:30"
0199cadd-64ae-737c-b632-5f8df15113ff,0199cadd-64ae-737c-b632-5f8df05bf184,Reminder,communicationMethod,CommunicationMethod,,0,1,,,,0,null,0,,null,0,,null,0,,0,0,0,0,,,ManyToOne,CommunicationMethod,reminders,,null,0,LAZY,null,0,,,[],,null,,,EntityType,[],0,0,,1,1,1,1,0,0,1,1,"[""reminder:read"",""reminder:write""]",0,,0,,,null,,,null,,,null,,,[],"2025-10-09 18:25:30","2025-10-09 18:25:30"
0199cadd-64ae-737c-b632-5f8df21a7ebb,0199cadd-64ae-737c-b632-5f8df05bf184,Reminder,notifications,Notifications,,0,1,,,,0,null,0,,null,0,,null,0,,0,0,0,0,,,OneToMany,Notification,reminder,,null,0,LAZY,null,0,,,[],,null,,,EntityType,[],0,0,,1,1,1,1,0,0,1,1,"[""reminder:read"",""reminder:write""]",0,,0,,,null,,,null,,,null,,,[],"2025-10-09 18:25:30","2025-10-09 18:25:30"
0199cadd-6273-7a9c-b4db-e8aaf43211b1,0199cadd-6272-7407-a12b-94936e09c5bb,Role,systemRole,SystemRole,boolean,0,0,,,,0,"""false""",0,,null,0,,null,0,,0,0,0,0,,,,,,,null,0,LAZY,null,0,,,[],,null,,,CheckboxType,[],0,0,,1,1,1,1,0,0,1,1,"[""role:read"",""role:write""]",0,,0,,,null,,,null,,,null,,boolean,[],"2025-10-09 18:25:30","2025-10-18 05:52:24"
0199cadd-6272-7407-a12b-94936e6c9e85,0199cadd-6272-7407-a12b-94936e09c5bb,Role,name,Name,string,0,0,50,,,1,null,0,,null,0,,null,0,,0,0,0,0,,,,,,,null,0,LAZY,null,0,,,"[""NotBlank"",""Length(min=2,max=50)""]",,null,,,TextType,[],1,0,,1,1,1,1,1,0,1,1,"[""role:read"",""role:write""]",0,,0,,,null,,,null,,,null,,word,[],"2025-10-09 18:25:30","2025-10-18 05:52:24"
0199cadd-6273-7a9c-b4db-e8aaf2ec0eaa,0199cadd-6272-7407-a12b-94936e09c5bb,Role,description,Description,string,0,0,255,,,0,null,0,,null,0,,null,0,,0,0,0,0,,,,,,,null,0,LAZY,null,0,,,"[""Length(max=255)""]",,null,,,TextType,[],0,0,,1,1,1,1,1,0,1,1,"[""role:read"",""role:write""]",0,,0,,,null,,,null,,,null,,word,[],"2025-10-09 18:25:30","2025-10-18 05:52:24"
0199cadd-6273-7a9c-b4db-e8aaf396e347,0199cadd-6272-7407-a12b-94936e09c5bb,Role,priority,Priority,integer,0,1,,,,0,null,0,,null,0,,null,0,,0,0,0,0,,,,,,,null,0,LAZY,null,0,,,[],,null,,,IntegerType,[],0,0,,1,1,1,1,0,0,1,1,"[""role:read"",""role:write""]",0,,0,,,null,,,null,,,null,,randomNumber,[],"2025-10-09 18:25:30","2025-10-09 18:25:30"
