ID;Entity;Property;Type;Len;Nullable;targetEntity;fkProperty;OrderBy;index;form;detail;list;noSearch;noSort;roles;get;post;put;patch;delete;nav_group;nav_order
1;Organization;name;string;;;;;;ix_name|ix_name_slug;;;;;;ORGANIZATION_ADMIN;;;;;;system.99;1
;Organization;slug;string;50;;;;;ix_slug|ix_name_slug;;;;;;;SUPER_ADMIN;;;;;;
;Organization;description;text;;1;;;;;;;;;;;;;;;;;
;Organization;status;smallint;;1;;;;;;;;;;;SUPER_ADMIN;;;;;;
;Organization;address;string;;1;;;;;;;;;;;;;;;;;
;Organization;city;ManyToOne;;1;City;;;;;;;;;;;;;;;;
;Organization;postalCode;string;;1;;;;;;;;;;;;;;;;;
;Organization;geo;string;;1;;;;;;;;;;;;;;;;;
;Organization;celPhone;string;20;1;;;;;;;;;;;;;;;;;
;Organization;businessPhone;string;20;1;;;;;;;;;;;;;;;;;
;Organization;contactName;string;;1;;;;;;;;;;;;;;;;;
;Organization;website;string;;1;;;;;;;;;;;;;;;;;
;Organization;logoUrl;string;;1;;;;;;;;;;;;;;;;;
;Organization;branding;json;;1;;;;;-1;-1;-1;-1;-1;;;;;;;;
;Organization;navConfig;json;;1;;;;;-1;-1;-1;-1;-1;;;;;;;;
;Organization;featureFlags;json;;1;;;;;-1;-1;-1;-1;-1;;;;;;;;
;Organization;businessSettings;json;;1;;;;;-1;-1;-1;-1;-1;;;;;;;;
;Organization;securityConfig;json;;1;;;;;-1;-1;-1;-1;-1;;;;;;;;
;Organization;integrationConfig;json;;1;;;;;-1;-1;-1;-1;-1;;;;;;;;
;Organization;uiPreferences;json;;1;;;;;-1;-1;-1;-1;-1;;;;;;;;
;Organization;timeZone;string;50;1;;;;;;;;;;;;;;;;;
;Organization;currency;string;20;1;;;;;;;;;;;;;;;;;
;Organization;industry;string;;1;;;;;;;;;;;;;;;;;
;Organization;companySize;int;10;1;;;;;;;;;;;;;;;;;
;Organization;socialMedias;OneToMany;;1;SocialMedia;organization;name;;;;;;;;;;;;;;
;Organization;modules;ManyToMany;;1;Module;;name;;-1;;;;;;SUPER_ADMIN;;;;;;
;Organization;users;OneToMany;;1;User;organization;name;;;;;;;;;;;;;;
;Organization;contacts;OneToMany;;1;Contact;organization;name;;;;;;;;;;;;;;
;Organization;companies;OneToMany;;1;Company;organization;name;;;;;;;;;;;;;;
;Organization;profiles;OneToMany;;1;Profile;organization;name;;;;;;;;;;;;;;
;Organization;flags;OneToMany;;1;Flag;organization;name;;;;;;;;;;;;;;
;Organization;agents;OneToMany;;1;Agent;organization;name;;;;;;;;;;;;;;
;Organization;talks;OneToMany;;1;Talk;organization;;;-1;-1;-1;-1;-1;;;;;;;;
;Organization;talkTypes;OneToMany;;1;TalkType;organization;;;;;;;;;;;;;;;
;Organization;talkMessages;OneToMany;;1;TalkMessage;organization;;;-1;-1;-1;-1;-1;;;;;;;;
;Organization;deals;OneToMany;;1;Deal;organization;;;-1;-1;-1;-1;-1;;;;;;;;
;Organization;dealStages;OneToMany;;1;DealStage;organization;;;-1;-1;-1;-1;-1;;;;;;;;
;Organization;pipelines;OneToMany;;1;Pipeline;organization;name;;-1;-1;-1;-1;-1;;;;;;;;
;Organization;pipelineStages;OneToMany;;1;PipelineStage;organization;name;;-1;-1;-1;-1;-1;;;;;;;;
;Organization;tasks;OneToMany;;1;Task;organization;name;;-1;-1;-1;-1;-1;;;;;;;;
;Organization;taskTypes;OneToMany;;1;TaskType;organization;;;-1;-1;-1;-1;-1;;;;;;;;
;Organization;products;OneToMany;;1;Product;organization;name;;-1;-1;-1;-1;-1;;;;;;;;
;Organization;productBatches;OneToMany;;1;ProductBatch;organization;;;-1;-1;-1;-1;-1;;;;;;;;
;Organization;productCategories;OneToMany;;1;ProductCategory;organization;name;;-1;-1;-1;-1;-1;;;;;;;;
;Organization;productLines;OneToMany;;1;ProductLine;organization;name;;-1;-1;-1;-1;-1;;;;;;;;
;Organization;brands;OneToMany;;1;Brand;organization;name;;-1;-1;-1;-1;-1;;;;;;;;
;Organization;taxCategories;OneToMany;;1;TaxCategory;organization;name;;-1;-1;-1;-1;-1;;;;;;;;
;Organization;competitors;OneToMany;;1;Competitor;organization;name;;-1;-1;-1;-1;-1;;;;;;;;
;Organization;tags;OneToMany;;1;Tag;organization;name;;-1;-1;-1;-1;-1;;;;;;;;
;Organization;billingFrequencies;OneToMany;;1;BillingFrequency;organization;;;-1;-1;-1;-1;-1;;;;;;;;
;Organization;calendars;OneToMany;;1;Calendar;organization;name;;;;;;;;;;;;;;
;Organization;events;OneToMany;;1;Event;organization;name;;;;;;;;;;;;;;
;Organization;workingHours;OneToMany;;1;WorkingHour;organization;;;;;;;;;;;;;;;
;Organization;holidays;OneToMany;;1;Holiday;organization;name;;;;;;;;;;;;;;
;Organization;campaigns;OneToMany;;1;Campaign;organization;name;;;;;;;;;;;;;;
;Organization;notificationTypes;OneToMany;;1;NotificationType;organization;;;;;;;;;;;;;;;
;Organization;leadSources;OneToMany;;1;LeadSource;organization;;;;;;;;;;;;;;;
;Organization;eventCategories;OneToMany;;1;EventCategory;organization;;;;;;;;;;;;;;;
;Organization;eventResources;OneToMany;;1;EventResource;organization;;;;;;;;;;;;;;;
;Organization;eventResourceTypes;OneToMany;;1;EventResourceType;organization;;;;;;;;;;;;;;;
;Organization;eventResourceBookings;OneToMany;;1;EventResourceBooking;organization;;;;;;;;;;;;;;;
;Organization;courses;OneToMany;;1;Course;organization;name;;;;;;;;;;;;;;
;Organization;lectures;OneToMany;;1;Lecture;organization;;;;;;;;;;;;;;;
2;Module;name;string;;;;;;ix_name;;;;;;SUPER_ADMIN;;;;;;system.99;2
;Module;description;string;;1;;;;;;;;;;;;;;;;;
;Module;enabled;bool;;1;;;;;;;;;;;;;;;;;
;Module;version;string;;1;;;;;;;;;;;;;;;;;
3;User;name;string;;;;;;ix_name|ix_name_organization;;;;;;MANAGER;;;;;;organization.90;1
;User;organization;ManyToOne;;1;Organization;users;;ix_organization|ix_name_organization|ix_email_organization;;;;;;;SUPER_ADMIN;1;;;;;
;User;email;string;;;;;;ix_email|ix_email_organization;;;;;;;;;;;;;
;User;password;string;;;;;;;-1;-1;-1;-1;-1;;;;;;;;
;User;celPhone;string;20;1;;;;;;;;;;;;;;;;;
;User;grantedRoles;ManyToMany;;1;Role;;;;;;;;;;;;;;;;
;User;profiles;ManyToMany;;1;Profile;users;;;;;;;;;;;;;;;
;User;position;string;;1;;;;;;;;;;;;;;;;;
;User;birthDate;date;;1;;;;;;;;;;;;;;;;;
;User;gender;smallint;;1;;;;;;;;;;;;;;;;;
;User;socialMedias;OneToMany;;1;SocialMedia;user;name;;;;;;;;;;;;;;
;User;lastLoginTime;datetime;;1;;;;;-1;;;;;;;1;;;;;
;User;active;bool;;1;;;;;;;;;;;;;;;;;
;User;lastPasswordChange;datetime;;1;;;;;-1;;;;;;;1;;;;;
;User;failedLoginAttempts;int;;1;;;;;-1;;;;;;;1;;;;;
;User;lockedOut;bool;;1;;;;;;;;;;;;1;;;;;
;User;profilePictureUrl;string;;1;;;;;;;;;;;;;;;;;
;User;avatarUrl;string;;1;;;;;;;;;;;;;;;;;
;User;uiPreferences;json;;1;;;;;-1;-1;-1;-1;-1;;;1;;;;;
;User;entityPreferences;json;;1;;;;;-1;-1;-1;-1;-1;;;1;;;;;
;User;dashboardLayout;json;;1;;;;;-1;-1;-1;-1;-1;;;1;;;;;
;User;workflowPreferences;json;;1;;;;;-1;-1;-1;-1;-1;;;1;;;;;
;User;oauthProvider;string;50;1;;;;;-1;-1;-1;-1;-1;;;1;;;;;
;User;oauthProviderId;string;;1;;;;;-1;-1;-1;-1;-1;;;1;;;;;
;User;emailVerifiedAt;datetime;;1;;;;;-1;-1;-1;-1;-1;;;1;;;;;
;User;managedContacts;OneToMany;;1;Contact;accountManager;name;;-1;;;;;;;;;;;;
;User;contacts;ManyToMany;;1;Contact;accountTeam;;;-1;-1;-1;-1;-1;;;1;;;;;
;User;managedCompanies;OneToMany;;1;Company;accountManager;name;;-1;;;;;;;;;;;;
;User;flags;OneToMany;;1;Flag;user;name;;;;;;;;;1;;;;;
;User;agents;OneToMany;;1;Agent;user;name;;;;;;;;;;;;;;
;User;talks;ManyToMany;;1;Talk;users;;;-1;-1;-1;-1;-1;;;1;;;;;
;User;managedDeals;OneToMany;;1;Deal;manager;name;;-1;-1;-1;-1;-1;;;;;;;;
;User;deals;ManyToMany;;1;Deal;team;;;-1;-1;-1;-1;-1;;;;;;;;
;User;managedPipelines;OneToMany;;1;Pipeline;manager;name;;-1;-1;-1;-1;-1;;;;;;;;
;User;tasks;OneToMany;;1;Task;user;name;;-1;-1;-1;-1;-1;;;;;;;;
;User;managedCampaigns;OneToMany;;1;Campaign;manager;name;;;;;;;;;;;;;;
;User;campaigns;ManyToMany;;1;Campaign;team;;;-1;-1;-1;-1;-1;;;;;;;;
;User;calendars;OneToMany;;1;Calendar;user;name;;;;;;;;;;;;;;
;User;organizedEvents;OneToMany;;1;Event;organizer;name;;;;;;;;;;;;;;
;User;eventAttendances;OneToMany;;1;EventAttendee;user;name;;;;;;;;;;;;;;
;User;ownedCourses;OneToMany;;1;Course;owner;name;;;;;;;;;;;;;;
;User;courses;OneToMany;;1;UserCourse;user;;;;;;;;;;;;;;;
4;Role;name;string;;;;;;ix_name;;;;;;SUPER_ADMIN;;;;;;system.99;3
;Role;description;string;;1;;;;;;;;;;;;;;;;;
;Role;priority;smallint;;1;;;;;;;;;;;;;;;;;
;Role;systemRole;bool;;1;;;;;;;;;;;;;;;;;
5;City;name;string;;;;;;ix_name;;;;;;SUPER_ADMIN;;;;;;system.99;5
;City;state;string;;1;;;;;;;;;;;;;;;;;
;City;ibgeCode;string;;1;;;;;;;;;;;;;;;;;
;City;country;ManyToOne;;1;Country;;;;;;;;;;;;;;;;
;City;eventResources;OneToMany;;1;EventResource;city;name;;;;;;;;;;;;;;
;City;holidayTemplates;OneToMany;;1;HolidayTemplate;city;name;;;;;;;;;;;;;;
6;Country;name;string;;;;;;ix_name;;;;;;SUPER_ADMIN;;;;;;system.99;6
;Country;dialingCode;string;3;1;;;;;;;;;;;;;;;;;
;Country;holidayTemplates;OneToMany;;1;HolidayTemplate;country;name;;;;;;;;;;;;;;
7;ProfileTemplate;name;string;;;;;;ix_name;;;;;;SUPER_ADMIN;;;;;;system.99;4
;ProfileTemplate;grantedRoles;ManyToMany;;1;Role;;;;;;;;;;;;;;;;
8;Profile;name;string;;;;;;ix_name;;;;;;;;;;;;organization.90;2
;Profile;organization;ManyToOne;;1;Organization;profiles;;;;;;;;;;;;;;;
;Profile;description;string;;;;;;;;;;;;;;;;;;;
;Profile;grantedRoles;ManyToMany;;1;Role;;;;;;;;;;;;;;;;
;Profile;users;ManyToMany;;1;User;profiles;;;;;;;;;;;;;;;
9;SocialMediaType;name;string;;;;;;ix_name;;;;;;SUPER_ADMIN;;;;;;system.99;7
;SocialMediaType;url;string;;1;;;;;;;;;;;;;;;;;
;SocialMediaType;iconUrl;string;;1;;;;;;;;;;;;;;;;;
10;SocialMedia;name;string;;;;;;ix_name;;;;;;;;;;;;organization.90;4
;SocialMedia;url;string;;1;;;;;;;;;;;;;;;;;
;SocialMedia;apiKey;string;;1;;;;;;;;;;;;;;;;;
;SocialMedia;socialMediaType;ManyToOne;;1;SocialMediaType;;;;;;;;;;;;;;;;
;SocialMedia;organization;ManyToOne;;1;Organization;socialMedias;;;;;;;;;SUPER_ADMIN;1;;;;;
;SocialMedia;user;ManyToOne;;1;User;socialMedias;;;;;;;;;;;;;;;
;SocialMedia;contact;ManyToOne;;1;Contact;socialMedias;;;;;;;;;;;;;;;
;SocialMedia;company;ManyToOne;;1;Company;socialMedias;;;;;;;;;;;;;;;
;SocialMedia;campaigns;ManyToMany;;1;Campaign;socialMedias;;;;;;;;;;;;;;;
11;Contact;name;string;;;;;;ix_name;;;;;;CLIENT;;;;;;crm.01;10
;Contact;organization;ManyToOne;;1;Organization;contacts;;;;;;;;;SUPER_ADMIN;1;;;;;
;Contact;company;ManyToOne;;1;Company;contacts;;;;;;;;;;;;;;;
;Contact;origin;string;;1;;;;;;;;;;;;;;;;;
;Contact;accountManager;ManyToOne;;1;User;managedContacts;;;;;;;;;;;;;;;
;Contact;accountTeam;ManyToMany;;1;User;contacts;;;;;;;;;;;;;;;
;Contact;nickname;string;;1;;;;;;;;;;;;;;;;;
;Contact;ranking;smallint;;1;;;;;;;;;;;;;;;;;
;Contact;email;string;;1;;;;;;;;;;;;;;;;;
;Contact;phone;string;20;1;;;;;;;;;;;;;;;;;
;Contact;address;string;;1;;;;;;;;;;;;;;;;;
;Contact;neighborhood;string;;1;;;;;;;;;;;;;;;;;
;Contact;city;ManyToOne;;1;City;;;;;;;;;;;;;;;;
;Contact;postalCode;string;;1;;;;;;;;;;;;;;;;;
;Contact;geo;string;;1;;;;;;;;;;;;;;;;;
;Contact;birthDate;date;;1;;;;;;;;;;;;;;;;;
;Contact;gender;smallint;;1;;;;;;;;;;;;;;;;;
;Contact;document;string;20;1;;;;;;;;;;;;;;;;;
;Contact;score;smallint;;1;;;;;;;;;;;;;;;;;
;Contact;notes;text;;1;;;;;;;;;;;;;;;;;
;Contact;socialMedias;OneToMany;;1;SocialMedia;contact;name;;;;;;;;;;;;;;
;Contact;flags;OneToMany;;1;Flag;contact;name;;;;;;;;;;;;;;
;Contact;talks;OneToMany;;1;Talk;contact;;;-1;-1;-1;-1;-1;;;;;;;;
;Contact;firstTalkDate;datetime;;1;;;;;;;;;;;;;;;;;
;Contact;lastTalkDate;datetime;;1;;;;;;;;;;;;;;;;;
;Contact;profilePictureUrl;string;;1;;;;;;;;;;;;;;;;;
;Contact;status;smallint;;1;;;;;;;;;;;;;;;;;
;Contact;billingAddress;string;;1;;;;;;;;;;;;;;;;;
;Contact;billingCity;ManyToOne;;1;City;;;;;;;;;;;;;;;;
;Contact;primaryDeals;OneToMany;;1;Deal;primaryContact;;;;;;;;;;;;;;;
;Contact;tasks;OneToMany;;1;Task;contact;;;;;;;;;;;;;;;
;Contact;eventAttendances;OneToMany;;1;EventAttendee;contact;;;;;;;;;;;;;;;
;Contact;deals;ManyToMany;;1;Deal;contacts;;;;;;;;;;;;;;;
;Contact;campaigns;ManyToMany;;1;Campaign;contacts;;;;;;;;;;;;;;;
12;Company;name;string;;;;;;ix_name;;;;;;CLIENT;;;;;;crm.01;20
;Company;organization;ManyToOne;;1;Organization;companies;;;;;;;;;SUPER_ADMIN;1;;;;;
;Company;accountManager;ManyToOne;;1;User;managedCompanies;;;;;;;;;;;;;;;
;Company;email;string;;1;;;;;;;;;;;;;;;;;
;Company;document;string;;1;;;;;;;;;;;;;;;;;
;Company;address;string;;1;;;;;;;;;;;;;;;;;
;Company;city;ManyToOne;;1;City;;;;;;;;;;;;;;;;
;Company;postalCode;string;;1;;;;;;;;;;;;;;;;;
;Company;geo;string;;1;;;;;;;;;;;;;;;;;
;Company;celPhone;string;20;1;;;;;;;;;;;;;;;;;
;Company;businesPhone;string;20;1;;;;;;;;;;;;;;;;;
;Company;contactName;string;;1;;;;;;;;;;;;;;;;;
;Company;website;string;;1;;;;;;;;;;;;;;;;;
;Company;socialMedias;OneToMany;;1;SocialMedia;company;name;;;;;;;;;;;;;;
;Company;contacts;OneToMany;;1;Contact;company;name;;;;;;;;;;;;;;
;Company;flags;OneToMany;;1;Flag;company;name;;;;;;;;;;;;;;
;Company;deals;OneToMany;;1;Deal;company;name;;;;;;;;;;;;;;
;Company;campaigns;ManyToMany;;1;Campaign;companies;name;;;;;;;;;;;;;;
;Company;industry;string;;1;;;;;;;;;;;;;;;;;
;Company;companySize;int;;1;;;;;;;;;;;;;;;;;
;Company;notes;text;;1;;;;;;;;;;;;;;;;;
;Company;status;smallint;;1;;;;;;;;;;;;;;;;;
;Company;manufacturedProducts;ManyToMany;;1;Product;manufacturer;name;;;;;;;;;;;;;;
;Company;suppliedProducts;ManyToMany;;1;Product;supplier;name;;;;;;;;;;;;;;
;Company;manufacturedBrands;ManyToMany;;1;Brand;manufacturers;;;;;;;;;;;;;;;
;Company;suppliedBrands;ManyToMany;;1;Brand;suppliers;;;;;;;;;;;;;;;
13;Flag;name;string;;;;;;ix_name;;;;;;CLIENT;;;;;;crm.01;60
;Flag;organization;ManyToOne;;1;Organization;flags;;;;;;;;;SUPER_ADMIN;1;;;;;
;Flag;sentiment;smallint;;1;;;;;;;;;;;;;;;;;
;Flag;user;ManyToOne;;1;User;flags;;;;;;;;;;;;;;;
;Flag;contact;ManyToOne;;1;Contact;flags;;;;;;;;;;;;;;;
;Flag;company;ManyToOne;;1;Company;flags;;;;;;;;;;;;;;;
;Flag;color;string;;1;;;;;;;;;;;;;;;;;
;Flag;icon;string;;1;;;;;;;;;;;;;;;;;
14;Talk;organization;ManyToOne;;1;Organization;talks;;;;;;;;TALK;SUPER_ADMIN;1;;;;crm.01;70
;Talk;contact;ManyToOne;;1;Contact;talks;;;;;;;;;;;;;;;
;Talk;users;ManyToMany;;1;User;talks;;;;;;;;;;;;;;;
;Talk;agents;ManyToMany;;1;Agent;talks;;;;;;;;;;;;;;;
;Talk;deal;ManyToOne;;1;Deal;talks;;;;;;;;;;;;;;;
;Talk;talkType;ManyToOne;;1;TalkType;talks;;;;;;;;;;;;;;;
;Talk;campaigns;ManyToMany;;1;Campaign;talks;;;;;;;;;;;;;;;
;Talk;dateStart;datetime;;1;;;;;;;;;;;;;;;;;
;Talk;dateLastMessage;datetime;;1;;;;;;;;;;;;;;;;;
;Talk;status;smallint;;1;;;;;;;;;;;;;;;;;
;Talk;summary;text;;1;;;;;;;;;;;;;;;;;
;Talk;subject;string;;1;;;;;;;;;;;;;;;;;
;Talk;messages;OneToMany;;1;TalkMessage;talk;;;;;;;;;;;;;;;
;Talk;outcome;smallint;;1;;;;;;;;;;;;;;;;;
;Talk;priority;smallint;;1;;;;;;;;;;;;;;;;;
;Talk;channel;smallint;;1;;;;;;;;;;;;;;;;;
;Talk;durationSeconds;int;;1;;;;;;;;;;;;;;;;;
;Talk;recordingUrl;int;;1;;;;;;;;;;;;;;;;;
;Talk;isArchived;bool;;1;;;;;;;;;;;;;;;;;
15;TalkType;name;string;;;;;;ix_name;;;;;;ORGANIZATION_ADMIN;;;;;;organization.90;5
;TalkType;organization;ManyToOne;;1;Organization;talkTypes;;;;;;;;;;;;;;;
;TalkType;description;text;;1;;;;;;;;;;;;;;;;;
;TalkType;iconUrl;string;;1;;;;;;;;;;;;;;;;;
;TalkType;talks;OneToMany;;1;Talk;talkType;;;;;;;;;;;;;;;
16;TalkTypeTemplate;name;string;;;;;;ix_name;;;;;;SUPER_ADMIN;;;;;;system.99;8
;TalkTypeTemplate;description;text;;;Description;;;;;;;;;;;;;;;;
;TalkTypeTemplate;iconUrl;string;;1;;;;;;;;;;;;;;;;;
17;TalkMessage;organization;ManyToOne;;1;Organization;talkMessages;;;;;;;;;;;;;;crm.01;80
;TalkMessage;talk;ManyToOne;;;Talk;messages;;;;;;;;;;;;;;;
;TalkMessage;fromContact;ManyToOne;;1;Contact;;;;;;;;;;;;;;;;
;TalkMessage;fromUser;ManyToOne;;1;User;;;;;;;;;;;;;;;;
;TalkMessage;fromAgent;ManyToOne;;1;Agent;;;;;;;;;;;;;;;;
;TalkMessage;date;datetime;;1;;;;;;;;;;;;;;;;;
;TalkMessage;text;text;;1;;;;;;;;;;;;;;;;;
;TalkMessage;messageType;smallint;;1;;;;;;;;;;;;;;;;;
;TalkMessage;attachments;OneToMany;;1;Attachment;talkMessage;;;;;;;;;;;;;;;
;TalkMessage;read;bool;;1;;;;;;;;;;;;;;;;;
;TalkMessage;readAt;datetime;;1;;;;;;;;;;;;;;;;;
;TalkMessage;sentiment;float;;1;;;;;;;;;;;;;;;;;
;TalkMessage;parentMessage;ManyToOne;;1;TalkMessage;;;;;;;;;;;;;;;;
;TalkMessage;edited;bool;;1;;;;;;;;;;;;;;;;;
;TalkMessage;notification;OneToOne;;1;Notification;talkMessage;;;;;;;;;;;;;;;
18;Attachment;filename;string;;;;;;;;;;;;USER;USER;USER;USER;USER;;organization.90;6
;Attachment;fileType;string;;1;;;;;;;;;;;;;;;;;
;Attachment;fileSize;bigint;;1;;;;;;;;;;;;;;;;;
;Attachment;url;string;;1;;;;;;;;;;;;;;;;;
;Attachment;talkMessage;ManyToOne;;1;TalkMessage;attachments;;;;;;;;;;;;;;;
;Attachment;product;ManyToOne;;1;Product;attachments;;;;;;;;;;;;;;;
;Attachment;event;ManyToOne;;1;Event;attachments;;;;;;;;;;;;;;;
19;AgentType;name;string;;;;;;ix_name;;;;;;SUPER_ADMIN;;;;;;system.99;9
;AgentType;description;text;;1;;;;;;;;;;;;;;;;;
;AgentType;defaultPrompt;text;;1;;;;;;;;;;;;;;;;;
;AgentType;active;bool;;1;;;;;;;;;;;;;;;;;
20;Agent;name;string;;;;;;ix_name;;;;;;;;;;;;organization.90;3
;Agent;organization;ManyToOne;;1;Organization;agents;;;;;;;;;;;;;;;
;Agent;user;ManyToOne;;1;User;agents;;;;;;;;;;;;;;;
;Agent;agentType;ManyToOne;;1;AgentType;;;;;;;;;;;;;;;;
;Agent;agentPrompt;text;;1;;;;;;;;;;;;;;;;;
;Agent;talks;ManyToMany;;1;Talk;agents;;;;;;;;;;;;;;;
21;Deal;dealNumber;string;;1;;;;;;;;;;;;;;;;crm.01;30
;Deal;name;string;;;;;;ix_name;;;;;;;;;;;;;
;Deal;organization;ManyToOne;;1;Organization;deals;;;;;;;;;;;;;;;
;Deal;manager;ManyToOne;;1;User;managedDeals;;;;;;;;;;;;;;;
;Deal;team;ManyToMany;;1;User;deals;;;;;;;;;;;;;;;
;Deal;company;ManyToOne;;1;Company;deals;;;;;;;;;;;;;;;
;Deal;contacts;ManyToMany;;1;Contact;deals;;;;;;;;;;;;;;;
;Deal;primaryContact;ManyToOne;;1;Contact;primaryDeals;;;;;;;;;;;;;;;
;Deal;dealStatus;smallint;;1;;;;;;;;;;;;;;;;;
;Deal;currentStage;ManyToOne;;1;PipelineStage;deals;;;;;;;;;;;;;;;
;Deal;daysInCurrentStage;float;;1;;;;;;;;;;;;;;;;;
;Deal;dealStages;OneToMany;;1;DealStage;deal;lastUpdatedAt;;;;;;;;;;;;;;
;Deal;dealType;ManyToOne;;1;DealType;deals;;;;;;;;;;;;;;;
;Deal;leadSource;ManyToOne;;1;LeadSource;deals;;;;;;;;;;;;;;;
;Deal;campaign;ManyToOne;;1;Campaign;deals;;;;;;;;;;;;;;;
;Deal;sourceDetails;string;;1;;;;;;;;;;;;;;;;;
;Deal;description;text;;1;;;;;;;;;;;;;;;;;
;Deal;category;ManyToOne;;1;DealCategory;deals;;;;;;;;;;;;;;;
;Deal;products;ManyToMany;;1;Product;deals;;;;;;;;;;;;;;;
;Deal;priority;string;;1;;;;;;;;;;;;;;;;;
;Deal;forecastCategory;smallint;;1;;;;;;;;;;;;;;;;;
;Deal;initialDate;datetime;;1;;;;;;;;;;;;;;;;;
;Deal;lastActivityDate;datetime;;1;;;;;;;;;;;;;;;;;
;Deal;expectedClosureDate;datetime;;1;;;;;;;;;;;;;;;;;
;Deal;closureDate;datetime;;1;;;;;;;;;;;;;;;;;
;Deal;nextFollowUp;datetime;;1;;;;;;;;;;;;;;;;;
;Deal;initialAmount;float;;1;;;;;;;;;;;;;;;;;
;Deal;expectedAmount;float;;1;;;;;;;;;;;;;;;;;
;Deal;closureAmount;float;;1;;;;;;;;;;;;;;;;;
;Deal;weightedAmount;float;;1;;;;;;;;;;;;;;;;;
;Deal;discountAmount;float;;1;;;;;;;;;;;;;;;;;
;Deal;discountPercentage;float;;1;;;;;;;;;;;;;;;;;
;Deal;commissionRate;float;;1;;;;;;;;;;;;;;;;;
;Deal;commissionAmount;float;;1;;;;;;;;;;;;;;;;;
;Deal;currency;string;;1;;;;;;;;;;;;;;;;;
;Deal;exchangeRate;float;;1;;;;;;;;;;;;;;;;;
;Deal;lostReason;ManyToOne;;1;LostReason;deals;;;;;;;;;;;;;;;
;Deal;winReason;ManyToOne;;1;WinReason;deals;;;;;;;;;;;;;;;
;Deal;tags;ManyToMany;;1;Tag;deals;;;;;;;;;;;;;;;
;Deal;customFields;json;;1;;;;;;;;;;;;;;;;;
;Deal;talks;OneToMany;;1;Talk;deal;;;;;;;;;;;;;;;
;Deal;tasks;OneToMany;;1;Task;deal;name;;;;;;;;;;;;;;
;Deal;notes;text;;1;;;;;;;;;;;;;;;;;
;Deal;competitors;ManyToMany;;1;Competitor;deals;;;;;;;;;;;;;;;
22;DealStage;pipelineStage;ManyToOne;;1;PipelineStage;dealStages;;;;;;;;;;;;;;organization.90;7
;DealStage;organization;ManyToOne;;1;Organization;dealStages;;;;;;;;;;;;;;;
;DealStage;deal;ManyToOne;;1;Deal;dealStages;;;;;;;;;;;;;;;
;DealStage;startedAt;datetime;;1;;;;;;;;;;;;;;;;;
;DealStage;lastUpdatedAt;datetime;;1;;;;;;;;;;;;;;;;;
;DealStage;endedAt;datetime;;1;;;;;;;;;;;;;;;;;
;DealStage;notes;text;;1;;;;;;;;;;;;;;;;;
;DealStage;daysInStage;float;;1;;;;;;;;;;;;;;;;;
23;DealCategory;name;string;;;;;;ix_name;;;;;;;;;;;;organization.90;8
;DealCategory;group;string;;1;;;;;;;;;;;;;;;;;
;DealCategory;description;text;;1;;;;;;;;;;;;;;;;;
;DealCategory;deals;OneToMany;;1;Deal;category;name;;;;;;;;;;;;;;
24;DealType;name;string;;;;;;ix_name;;;;;;;;;;;;organization.90;
;DealType;description;text;;1;;;;;;;;;;;;;;;;;
;DealType;deals;OneToMany;;1;Deal;dealType;name;;;;;;;;;;;;;;
25;Pipeline;name;string;;;;;;ix_name;;;;;;;;;;;;crm.01;40
;Pipeline;organization;ManyToOne;;1;Organization;pipelines;;;;;;;;;;;;;;;
;Pipeline;manager;ManyToOne;;1;User;managedPipelines;;;;;;;;;;;;;;;
;Pipeline;description;text;;1;;;;;;;;;;;;;;;;;
;Pipeline;active;bool;;1;;;;;;;;;;;;;;;;;
;Pipeline;default;bool;;1;;;;;;;;;;;;;;;;;
;Pipeline;stages;OneToMany;;1;PipelineStage;pipeline;name;;;;;;;;;;;;;;
26;PipelineTemplate;name;string;;;;;;ix_name;;;;;;;;;;;;organization.90;
;PipelineTemplate;description;text;;1;;;;;;;;;;;;;;;;;
;PipelineTemplate;active;bool;;1;;;;;;;;;;;;;;;;;
;PipelineTemplate;stages;OneToMany;;1;PipelineStageTemplate;pipelineTemplate;name;;;;;;;;;;;;;;
27;PipelineStage;name;string;;;;;;ix_name;;;;;;;;;;;;organization.90;
;PipelineStage;organization;ManyToOne;;1;Organization;pipelineStages;;;;;;;;;;;;;;;
;PipelineStage;pipeline;ManyToOne;;1;Pipeline;stages;;;;;;;;;;;;;;;
;PipelineStage;dealStages;OneToMany;;1;DealStage;pipelineStage;lastUpdatedAt;;;;;;;;;;;;;;
;PipelineStage;deals;OneToMany;;1;Deal;currentStage;name;;;;;;;;;;;;;;
;PipelineStage;description;string;;1;;;;;;;;;;;;;;;;;
;PipelineStage;migrationCriteria;string;;1;;;;;;;;;;;;;;;;;
;PipelineStage;order;int;;1;;;;;;;;;;;;;;;;;
;PipelineStage;next;OneToOne;;1;PipelineStage;previous;;;;;;;;;;;;;;;
;PipelineStage;previous;OneToOne;;1;PipelineStage;next;;;;;;;;;;;;;;;
;PipelineStage;tasks;OneToMany;;1;Task;pipelineStage;name;;;;;;;;;;;;;;
28;PipelineStageTemplate;name;string;;;;;;ix_name;;;;;;;;;;;;organization.90;
;PipelineStageTemplate;pipelineTemplate;ManyToOne;;1;PipelineTemplate;stages;;;;;;;;;;;;;;;
;PipelineStageTemplate;description;string;;1;;;;;;;;;;;;;;;;;
;PipelineStageTemplate;order;int;;1;;;;;;;;;;;;;;;;;
;PipelineStageTemplate;tasks;OneToMany;;1;TaskTemplate;pipelineStageTemplate;;;;;;;;;;;;;;;
29;Task;name;string;;;;;;ix_name;;;;;;;;;;;;crm.01;50
;Task;organization;ManyToOne;;1;Organization;tasks;;;;;;;;;;;;;;;
;Task;pipelineStage;ManyToOne;;1;PipelineStage;tasks;;;;;;;;;;;;;;;
;Task;deal;ManyToOne;;1;Deal;tasks;;;;;;;;;;;;;;;
;Task;contact;ManyToOne;;1;Contact;tasks;;;;;;;;;;;;;;;
;Task;user;ManyToOne;;1;User;tasks;;;;;;;;;;;;;;;
;Task;command;text;;1;;;;;;;;;;;;;;;;;
;Task;periodicityInterval;float;;1;;;;;;;;;;;;;;;;;
;Task;periodicityTimeframe;smallint;;1;;;;;;;;;;;;;;;;;
;Task;active;bool;;1;;;;;;;;;;;;;;;;;
;Task;type;ManyToOne;;1;TaskType;tasks;;;;;;;;;;;;;;;
;Task;description;text;;1;;;;;;;;;;;;;;;;;
;Task;scheduledDate;datetime;;1;;;;;;;;;;;;;;;;;
;Task;completedDate;datetime;;1;;;;;;;;;;;;;;;;;
;Task;taskStatus;smallint;;1;;;;;;;;;;;;;;;;;
;Task;priority;smallint;;1;;;;;;;;;;;;;;;;;
;Task;durationMinutes;int;;1;;;;;;;;;;;;;;;;;
;Task;location;string;;1;;;;;;;;;;;;;;;;;
30;TaskTemplate;name;string;;;;;;ix_name;;;;;;;;;;;;organization.90;
;TaskTemplate;pipelineStageTemplate;ManyToOne;;1;PipelineStageTemplate;tasks;;;;;;;;;;;;;;;
;TaskTemplate;command;text;;1;;;;;;;;;;;;;;;;;
;TaskTemplate;periodicityInterval;float;;1;;;;;;;;;;;;;;;;;
;TaskTemplate;periodicityTimeframe;smallint;;1;;;;;;;;;;;;;;;;;
;TaskTemplate;active;bool;;1;;;;;;;;;;;;;;;;;
;TaskTemplate;type;ManyToOne;;1;TaskType;taskTemplates;;;;;;;;;;;;;;;
;TaskTemplate;description;text;;1;;;;;;;;;;;;;;;;;
;TaskTemplate;priority;smallint;;1;;;;;;;;;;;;;;;;;
;TaskTemplate;durationMinutes;int;;1;;;;;;;;;;;;;;;;;
;TaskTemplate;location;string;;1;;;;;;;;;;;;;;;;;
31;TaskType;name;string;;;;;;ix_name;;;;;;;;;;;;organization.90;
;TaskType;organization;ManyToOne;;1;Organization;taskTypes;;;;;;;;;;;;;;;
;TaskType;taskFunction;smallint;;1;;;;;;;;;;;;;;;;;
;TaskType;tasks;OneToMany;;1;Task;type;;;;;;;;;;;;;;;
;TaskType;taskTemplates;OneToMany;;1;TaskTemplate;type;;;;;;;;;;;;;;;
32;LeadSource;name;string;;;;;;ix_name;;;;;;;;;;;;marketing.20;2
;LeadSource;organization;ManyToOne;;1;Organization;leadSources;;;;;;;;;;;;;;;
;LeadSource;description;text;;1;;;;;;;;;;;;;;;;;
;LeadSource;group;string;;1;;;;;;;;;;;;;;;;;
;LeadSource;active;bool;;1;;;;;;;;;;;;;;;;;
;LeadSource;deals;OneToMany;;1;Deal;leadSource;;;;;;;;;;;;;;;
33;Product;productCode;string;;1;;;;;;;;;;;;;;;;organization.90;
;Product;name;string;;;;;;ix_name;;;;;;;;;;;;;
;Product;organization;ManyToOne;;1;Organization;products;;;;;;;;;;;;;;;
;Product;description;text;;1;;;;;;;;;;;;;;;;;
;Product;shortDescription;text;;1;;;;;;;;;;;;;;;;;
;Product;category;ManyToOne;;1;ProductCategory;products;;;;;;;;;;;;;;;
;Product;productLine;ManyToOne;;1;ProductLine;products;;;;;;;;;;;;;;;
;Product;productType;smallint;;1;;;;;;;;;;;;;;;;;
;Product;brand;ManyToOne;;1;Brand;products;;;;;;;;;;;;;;;
;Product;manufacturer;ManyToMany;;1;Company;manufacturedProducts;;;;;;;;;;;;;;;
;Product;supplier;ManyToMany;;1;Company;suppliedProducts;;;;;;;;;;;;;;;
;Product;deals;ManyToMany;;1;Deal;products;;;;;;;;;;;;;;;
;Product;listPrice;float;;1;;;;;;;;;;;;;;;;;
;Product;costPrice;float;;1;;;;;;;;;;;;;;;;;
;Product;minimumPrice;float;;1;;;;;;;;;;;;;;;;;
;Product;maximumDiscount;float;;1;;;;;;;;;;;;;;;;;
;Product;discountAmount;float;;1;;;;;;;;;;;;;;;;;
;Product;discountPercentage;float;;1;;;;;;;;;;;;;;;;;
;Product;commissionRate;float;;1;;;;;;;;;;;;;;;;;
;Product;commissionAmount;float;;1;;;;;;;;;;;;;;;;;
;Product;currency;string;;1;;;;;;;;;;;;;;;;;
;Product;exchangeRate;float;;1;;;;;;;;;;;;;;;;;
;Product;unitOfMeasure;string;;1;;;;;;;;;;;;;;;;;
;Product;weight;float;;1;;;;;;;;;;;;;;;;;
;Product;dimensions;string;;1;;;;;;;;;;;;;;;;;
;Product;taxCategory;ManyToOne;;1;TaxCategory;products;;;;;;;;;;;;;;;
;Product;marginPercentage;float;;1;;;;;;;;;;;;;;;;;
;Product;stockQuantity;int;;1;;;;;;;;;;;;;;;;;
;Product;reservedQuantity;int;;1;;;;;;;;;;;;;;;;;
;Product;availableQuantity;int;;1;;;;;;;;;;;;;;;;;
;Product;warrantyPeriod;int;;1;;;;;;;;;;;;;;;;;
;Product;supportPeriod;int;;1;;;;;;;;;;;;;;;;;
;Product;lifecycleStage;string;;1;;;;;;;;;;;;;;;;;
;Product;launchDate;date;;1;;;;;;;;;;;;;;;;;
;Product;endOfLifeDate;date;;1;;;;;;;;;;;;;;;;;
;Product;active;bool;;1;;;;;;;;;;;;;;;;;
;Product;sellable;bool;;1;;;;;;;;;;;;;;;;;
;Product;purchasable;bool;;1;;;;;;;;;;;;;;;;;
;Product;requiresApproval;bool;;1;;;;;;;;;;;;;;;;;
;Product;subscription;bool;;1;;;;;;;;;;;;;;;;;
;Product;subscriptionPeriod;string;;1;;;;;;;;;;;;;;;;;
;Product;billingFrequency;ManyToOne;;1;BillingFrequency;products;;;;;;;;;;;;;;;
;Product;setupFee;float;;1;;;;;;;;;;;;;;;;;
;Product;recurringFee;float;;1;;;;;;;;;;;;;;;;;
;Product;cancellationFee;float;;1;;;;;;;;;;;;;;;;;
;Product;relatedTo;ManyToMany;;1;Product;relatedFrom;;;;;;;;;;;;;;;
;Product;relatedFrom;ManyToMany;;1;Product;relatedTo;;;;;;;;;;;;;;;
;Product;substituteTo;ManyToMany;;1;Product;substituteFrom;;;;;;;;;;;;;;;
;Product;substituteFrom;ManyToMany;;1;Product;substituteTo;;;;;;;;;;;;;;;
;Product;attachments;OneToMany;;1;Attachment;product;;;;;;;;;;;;;;;
;Product;specifications;json;;1;;;;;;;;;;;;;;;;;
;Product;features;json;;1;;;;;;;;;;;;;;;;;
;Product;customFields;json;;1;;;;;;;;;;;;;;;;;
;Product;tags;ManyToMany;;1;Tag;products;;;;;;;;;;;;;;;
;Product;batches;OneToMany;;1;ProductBatch;product;;;;;;;;;;;;;;;
34;ProductBatch;name;string;;;;;;ix_name;;;;;;;;;;;;organization.90;
;ProductBatch;organization;ManyToOne;;1;Organization;productBatches;;;;;;;;;;;;;;;
;ProductBatch;product;ManyToOne;;1;Product;batches;;;;;;;;;;;;;;;
;ProductBatch;listPrice;float;;1;;;;;;;;;;;;;;;;;
;ProductBatch;costPrice;float;;1;;;;;;;;;;;;;;;;;
;ProductBatch;minimumPrice;float;;1;;;;;;;;;;;;;;;;;
;ProductBatch;maximumDiscount;float;;1;;;;;;;;;;;;;;;;;
;ProductBatch;discountAmount;float;;1;;;;;;;;;;;;;;;;;
;ProductBatch;discountPercentage;float;;1;;;;;;;;;;;;;;;;;
;ProductBatch;commissionRate;float;;1;;;;;;;;;;;;;;;;;
;ProductBatch;commissionAmount;float;;1;;;;;;;;;;;;;;;;;
;ProductBatch;currency;string;;1;;;;;;;;;;;;;;;;;
;ProductBatch;exchangeRate;float;;1;;;;;;;;;;;;;;;;;
;ProductBatch;marginPercentage;float;;1;;;;;;;;;;;;;;;;;
;ProductBatch;stockQuantity;int;;1;;;;;;;;;;;;;;;;;
;ProductBatch;reservedQuantity;int;;1;;;;;;;;;;;;;;;;;
;ProductBatch;availableQuantity;int;;1;;;;;;;;;;;;;;;;;
;ProductBatch;expirationDate;date;;1;;;;;;;;;;;;;;;;;
35;ProductCategory;name;string;;;;;;ix_name;;;;;;;;;;;;organization.90;
;ProductCategory;organization;ManyToOne;;1;Organization;productCategories;;;;;;;;;;;;;;;
;ProductCategory;description;text;;1;;;;;;;;;;;;;;;;;
;ProductCategory;parentCategory;ManyToOne;;1;ProductCategory;subcategories;;;;;;;;;;;;;;;
;ProductCategory;subcategories;OneToMany;;1;ProductCategory;parentCategory;;;;;;;;;;;;;;;
;ProductCategory;products;OneToMany;;1;Product;category;;;;;;;;;;;;;;;
36;ProductLine;name;string;;;;;;ix_name;;;;;;;;;;;;organization.90;
;ProductLine;organization;ManyToOne;;1;Organization;productLines;;;;;;;;;;;;;;;
;ProductLine;description;text;;1;;;;;;;;;;;;;;;;;
;ProductLine;active;bool;;1;;;;;;;;;;;;;;;;;
;ProductLine;products;OneToMany;;1;Product;productLine;name;;;;;;;;;;;;;;
37;Brand;name;string;;;;;;ix_name;;;;;;;;;;;;organization.90;
;Brand;organization;ManyToOne;;1;Organization;brands;;;;;;;;;;;;;;;
;Brand;description;text;;1;;;;;;;;;;;;;;;;;
;Brand;logoUrl;string;;1;;;;;;;;;;;;;;;;;
;Brand;website;string;;1;;;;;;;;;;;;;;;;;
;Brand;products;OneToMany;;1;Product;brand;name;;;;;;;;;;;;;;
;Brand;manufacturers;ManyToMany;;1;Company;manufacturedBrands;;;;;;;;;;;;;;;
;Brand;suppliers;ManyToMany;;1;Company;suppliedBrands;;;;;;;;;;;;;;;
38;TaxCategory;name;string;;;;;;ix_name;;;;;;;;;;;;organization.90;
;TaxCategory;organization;ManyToOne;;1;Organization;taxCategories;;;;;;;;;;;;;;;
;TaxCategory;taxRate;float;;1;;;;;;;;;;;;;;;;;
;TaxCategory;description;text;;1;;;;;;;;;;;;;;;;;
;TaxCategory;products;OneToMany;;1;Product;taxCategory;name;;;;;;;;;;;;;;
39;Competitor;name;string;;;;;;ix_name;;;;;;;;;;;;organization.90;
;Competitor;organization;ManyToOne;;1;Organization;competitors;;;;;;;;;;;;;;;
;Competitor;description;text;;1;;;;;;;;;;;;;;;;;
;Competitor;strengths;text;;1;;;;;;;;;;;;;;;;;
;Competitor;weaknesses;text;;1;;;;;;;;;;;;;;;;;
;Competitor;deals;ManyToMany;;1;Deal;competitors;;;;;;;;;;;;;;;
40;LostReason;name;string;;;;;;ix_name;;;;;;;;;;;;organization.90;
;LostReason;description;string;;1;;;;;;;;;;;;;;;;;
;LostReason;deals;OneToMany;;1;Deal;lostReason;;;;;;;;;;;;;;;
;WinReason;name;string;;;;;;ix_name;;;;;;;;;;;;;
;WinReason;description;string;;1;;;;;;;;;;;;;;;;;
;WinReason;deals;OneToMany;;1;Deal;winReason;;;;;;;;;;;;;;;
41;Tag;name;string;;;;;;ix_name;;;;;;;;;;;;organization.90;
;Tag;organization;ManyToOne;;1;Organization;tags;;;;;;;;;;;;;;;
;Tag;color;string;;1;;;;;;;;;;;;;;;;;
;Tag;description;text;;1;;;;;;;;;;;;;;;;;
;Tag;sentiment;smallint;;1;;;;;;;;;;;;;;;;;
;Tag;deals;ManyToMany;;1;Deal;tags;;;;;;;;;;;;;;;
;Tag;products;ManyToMany;;1;Product;tags;;;;;;;;;;;;;;;
42;BillingFrequency;name;string;;;;;;ix_name;;;;;;;;;;;;organization.90;
;BillingFrequency;organization;ManyToOne;;1;Organization;billingFrequencies;;;;;;;;;;;;;;;
;BillingFrequency;periodicityInterval;float;;1;;;;;;;;;;;;;;;;;
;BillingFrequency;periodicityType;smallint;;1;;;;;;;;;;;;;;;;;
;BillingFrequency;products;OneToMany;;1;Product;billingFrequency;name;;;;;;;;;;;;;;
43;Campaign;name;string;;;;;;ix_name;;;;;;;;;;;;marketing.20;1
;Campaign;organization;ManyToOne;;1;Organization;campaigns;;;;;;;;;;;;;;;
;Campaign;description;text;;1;;;;;;;;;;;;;;;;;
;Campaign;socialMedias;ManyToMany;;1;SocialMedia;campaigns;;;;;;;;;;;;;;;
;Campaign;campaignStatus;smallint;;1;;;;;;;;;;;;;;;;;
;Campaign;plannedStartDate;datetime;;1;;;;;;;;;;;;;;;;;
;Campaign;startDate;datetime;;1;;;;;;;;;;;;;;;;;
;Campaign;plannedEndDate;datetime;;1;;;;;;;;;;;;;;;;;
;Campaign;endDate;datetime;;1;;;;;;;;;;;;;;;;;
;Campaign;plannedDuration;int;;1;;;;;;;;;;;;;;;;;
;Campaign;duration;int;;1;;;;;;;;;;;;;;;;;
;Campaign;manager;ManyToOne;;1;User;managedCampaigns;;;;;;;;;;;;;;;
;Campaign;team;ManyToMany;;1;User;campaigns;;;;;;;;;;;;;;;
;Campaign;contacts;ManyToMany;;1;Contact;campaigns;;;;;;;;;;;;;;;
;Campaign;companies;ManyToMany;;1;Company;campaigns;;;;;;;;;;;;;;;
;Campaign;deals;OneToMany;;1;Deal;campaign;name;;;;;;;;;;;;;;
;Campaign;talks;ManyToMany;;1;Talk;campaigns;;;;;;;;;;;;;;;
;Campaign;plannedBudget;float;;1;;;;;;;;;;;;;;;;;
;Campaign;actualBudget;float;;1;;;;;;;;;;;;;;;;;
;Campaign;plannedReturn;float;;1;;;;;;;;;;;;;;;;;
;Campaign;actualReturn;float;;1;;;;;;;;;;;;;;;;;
;Campaign;roi;float;;1;;;;;;;;;;;;;;;;;
44;Calendar;name;string;;;;;;ix_name;;;;;;;;;;;;calendar.10;1
;Calendar;organization;ManyToOne;;1;Organization;calendars;;;;;;;;;;;;;;;
;Calendar;user;ManyToOne;;1;User;calendars;;;;;;;;;;;;;;;
;Calendar;description;text;;1;;;;;;;;;;;;;;;;;
;Calendar;timeZone;string;;1;;;;;;;;;;;;;;;;;
;Calendar;color;string;;1;;;;;;;;;;;;;;;;;
;Calendar;primary;bool;;1;;;;;;;;;;;;;;;;;
;Calendar;visible;bool;;1;;;;;;;;;;;;;;;;;
;Calendar;accessRole;string;;1;;;;;;;;;;;;;;;;;
;Calendar;calendarType;ManyToOne;;1;CalendarType;calendars;;;;;;;;;;;;;;;
;Calendar;events;OneToMany;;1;Event;calendar;name;;;;;;;;;;;;;;
;Calendar;externalLink;ManyToOne;;1;CalendarExternalLink;calendars;;;;;;;;;;;;;;;
;Calendar;externalApiKey;string;;1;;;;;;;;;;;;;;;;;
;Calendar;workingHours;OneToMany;;1;WorkingHour;calendar;;;;;;;;;;;;;;;
;Calendar;holidays;OneToMany;;1;Holiday;calendar;name;;;;;;;;;;;;;;
45;CalendarType;name;string;;;;;;ix_name;;;;;;;;;;;;calendar.10;8
;CalendarType;description;text;;1;;;;;;;;;;;;;;;;;
;CalendarType;calendars;OneToMany;;1;Calendar;calendarType;;;;;;;;;;;;;;;
46;CalendarExternalLink;name;string;;;;;;ix_name;;;;;;;;;;;;calendar.10;9
;CalendarExternalLink;url;string;;1;;;;;;;;;;;;;;;;;
;CalendarExternalLink;calendars;OneToMany;;1;Calendar;externalLink;;;;;;;;;;;;;;;
47;Event;name;string;;;;;;ix_name;;;;;;;;;;;;calendar.10;2
;Event;organization;ManyToOne;;1;Organization;events;;;;;;;;;;;;;;;
;Event;calendar;ManyToOne;;1;Calendar;events;;;;;;;;;;;;;;;
;Event;description;text;;1;;;;;;;;;;;;;;;;;
;Event;location;string;;1;;;;;;;;;;;;;;;;;
;Event;geo;string;;1;;;;;;;;;;;;;;;;;
;Event;startTime;datetime;;1;;;;;;;;;;;;;;;;;
;Event;endTime;datetime;;1;;;;;;;;;;;;;;;;;
;Event;allDay;bool;;1;;;;;;;;;;;;;;;;;
;Event;eventStatus;smallint;;1;;;;;;;;;;;;;;;;;
;Event;visibility;bool;;1;;;;;;;;;;;;;;;;;
;Event;priority;int;;1;;;;;;;;;;;;;;;;;
;Event;recurrenceInterval;float;;1;;;;;;;;;;;;;;;;;
;Event;recurrenceFrequency;smallint;;1;;;;;;;;;;;;;;;;;
;Event;recurrenceEndDate;date;;1;;;;;;;;;;;;;;;;;
;Event;recurrenceCount;int;;1;;;;;;;;;;;;;;;;;
;Event;originalStartTime;datetime;;1;;;;;;;;;;;;;;;;;
;Event;sequence;int;;1;;;;;;;;;;;;;;;;;
;Event;categories;ManyToMany;;1;EventCategory;events;;;;;;;;;;;;;;;
;Event;parentEvent;ManyToOne;;1;Event;childrenEvents;;;;;;;;;;;;;;;
;Event;childrenEvents;OneToMany;;1;Event;parentEvent;;;;;;;;;;;;;;;
;Event;organizer;ManyToOne;;1;User;organizedEvents;;;;;;;;;;;;;;;
;Event;attendees;OneToMany;;1;EventAttendee;event;;;;;;;;;;;;;;;
;Event;attachments;OneToMany;;1;Attachment;event;;;;;;;;;;;;;;;
;Event;reminders;OneToMany;;1;Reminder;event;;;;;;;;;;;;;;;
;Event;notifications;OneToMany;;1;Notification;event;;;;;;;;;;;;;;;
;Event;meetingDatas;OneToMany;;1;MeetingData;event;;;;;;;;;;;;;;;
;Event;workingHours;OneToMany;;1;WorkingHour;event;;;;;;;;;;;;;;;
;Event;holidays;OneToMany;;1;Holiday;event;;;;;;;;;;;;;;;
;Event;resourceBookings;OneToMany;;1;EventResourceBooking;event;;;;;;;;;;;;;;;
;Event;hangoutLink;string;;1;;;;;;;;;;;;;;;;;
;Event;conferenceData;json;;1;;;;;;;;;;;;;;;;;
;Event;extendedProperties;json;;1;;;;;;;;;;;;;;;;;
;Event;source;json;;1;;;;;;;;;;;;;;;;;
;Event;notes;text;;1;;;;;;;;;;;;;;;;;
48;EventAttendee;name;string;;1;;;;ix_name;;;;;;;;;;;;calendar.10;7
;EventAttendee;event;ManyToOne;;1;Event;attendees;;;;;;;;;;;;;;;
;EventAttendee;user;ManyToOne;;1;User;eventAttendances;;;;;;;;;;;;;;;
;EventAttendee;contact;ManyToOne;;1;Contact;eventAttendances;;;;;;;;;;;;;;;
;EventAttendee;notifications;OneToMany;;1;Notification;attendee;;;;;;;;;;;;;;;
;EventAttendee;email;string;;1;;;;;;;;;;;;;;;;;
;EventAttendee;phone;string;50;1;;;;;;;;;;;;;;;;;
;EventAttendee;attendeeStatus;smallint;;1;;;;;;;;;;;;;;;;;
;EventAttendee;comment;text;;1;;;;;;;;;;;;;;;;;
;EventAttendee;organizer;bool;;1;;;;;;;;;;;;;;;;;
;EventAttendee;optional;bool;;1;;;;;;;;;;;;;;;;;
49;Reminder;name;string;;1;;;;ix_name;;;;;;;;;;;;calendar.10;3
;Reminder;event;ManyToOne;;1;Event;reminders;;;;;;;;;;;;;;;
;Reminder;communicationMethod;ManyToOne;;1;CommunicationMethod;reminders;;;;;;;;;;;;;;;
;Reminder;notifications;OneToMany;;1;Notification;reminder;;;;;;;;;;;;;;;
;Reminder;minutesBeforeStart;int;;1;;;;;;;;;;;;;;;;;
;Reminder;default;bool;;1;;;;;;;;;;;;;;;;;
50;Notification;event;ManyToOne;;1;Event;notifications;;;;;;;;;;;;;;calendar.10;4
;Notification;attendee;ManyToOne;;1;EventAttendee;notifications;;;;;;;;;;;;;;;
;Notification;reminder;ManyToOne;;1;Reminder;notifications;;;;;;;;;;;;;;;
;Notification;type;ManyToOne;;1;NotificationType;notifications;;;;;;;;;;;;;;;
;Notification;communicationMethod;ManyToOne;;1;CommunicationMethod;notifications;;;;;;;;;;;;;;;
;Notification;sentAt;datetime;;1;;;;;;;;;;;;;;;;;
;Notification;notificationStatus;smallint;;1;;;;;;;;;;;;;;;;;
;Notification;talkMessage;OneToOne;;1;TalkMessage;notification;;;;;;;;;;;;;;;
;Notification;message;text;;1;;;;;;;;;;;;;;;;;
51;NotificationType;name;string;;;;;;ix_name;;;;;;;;;;;;organization.90;
;NotificationType;organization;ManyToOne;;1;Organization;notificationTypes;;;;;;;;;;;;;;;
;NotificationType;description;text;;1;;;;;;;;;;;;;;;;;
;NotificationType;notifications;OneToMany;;1;Notification;type;;;;;;;;;;;;;;;
52;NotificationTypeTemplate;name;string;;;;;;ix_name;;;;;;;;;;;;system.99;10
;NotificationTypeTemplate;description;text;;1;;;;;;;;;;;;;;;;;
53;EventCategory;name;string;;;;;;ix_name;;;;;;;;;;;;organization.90;
;EventCategory;organization;ManyToOne;;1;Organization;eventCategories;;;;;;;;;;;;;;;
;EventCategory;description;text;;1;;;;;;;;;;;;;;;;;
;EventCategory;color;string;;1;;;;;;;;;;;;;;;;;
;EventCategory;icon;string;;1;;;;;;;;;;;;;;;;;
;EventCategory;events;ManyToMany;;1;Event;categories;;;;;;;;;;;;;;;
54;EventResource;name;string;;;;;;ix_name;;;;;;;;;;;;organization.90;
;EventResource;organization;ManyToOne;;1;Organization;eventResources;;;;;;;;;;;;;;;
;EventResource;description;text;;1;;;;;;;;;;;;;;;;;
;EventResource;type;ManyToOne;;1;EventResourceType;;;;;;;;;;;;;;;;
;EventResource;location;string;;1;;;;;;;;;;;;;;;;;
;EventResource;city;ManyToOne;;1;City;eventResources;;;;;;;;;;;;;;;
;EventResource;geo;string;;1;;;;;;;;;;;;;;;;;
;EventResource;capacity;int;;1;;;;;;;;;;;;;;;;;
;EventResource;equipment;json;;1;;;;;;;;;;;;;;;;;
;EventResource;bookingRules;json;;1;;;;;;;;;;;;;;;;;
;EventResource;availabilitySchedule;json;;1;;;;;;;;;;;;;;;;;
;EventResource;active;bool;;1;;;;;;;;;;;;;;;;;
;EventResource;eventBookings;OneToMany;;1;EventResourceBooking;resource;;;;;;;;;;;;;;;
55;EventResourceType;name;string;;;;;;ix_name;;;;;;;;;;;;system.99;11
;EventResourceType;organization;ManyToOne;;1;Organization;eventResourceTypes;;;;;;;;;;;;;;;
;EventResourceType;description;text;;1;;;;;;;;;;;;;;;;;
56;EventResourceBooking;organization;ManyToOne;;1;Organization;eventResourceBookings;;;;;;;;;;;;;;organization.90;
;EventResourceBooking;event;ManyToOne;;1;Event;resourceBookings;;;;;;;;;;;;;;;
;EventResourceBooking;resource;ManyToOne;;1;EventResource;eventBookings;;;;;;;;;;;;;;;
;EventResourceBooking;responsibleUser;ManyToOne;;1;User;eventResourceBookings;;;;;;;;;;;;;;;
;EventResourceBooking;quantity;int;;1;;;;;;;;;;;;;;;;;
;EventResourceBooking;bookingStatus;smallint;;1;;;;;;;;;;;;;;;;;
;EventResourceBooking;notes;text;;1;;;;;;;;;;;;;;;;;
57;MeetingData;platform;string;;1;;;;;;;;;;;;;;;;calendar.10;5
;MeetingData;event;ManyToOne;;1;Event;meetingDatas;;;;;;;;;;;;;;;
;MeetingData;url;string;;1;;;;;;;;;;;;;;;;;
;MeetingData;meetingId;string;;1;;;;;;;;;;;;;;;;;
;MeetingData;secret;string;;1;;;;;;;;;;;;;;;;;
;MeetingData;recordUrl;string;;1;;;;;;;;;;;;;;;;;
58;WorkingHour;description;string;;1;;;;;;;;;;;;;;;;calendar.10;6
;WorkingHour;organization;ManyToOne;;1;Organization;workingHours;;;;;;;;;;;;;;;
;WorkingHour;calendar;ManyToOne;;1;Calendar;workingHours;;;;;;;;;;;;;;;
;WorkingHour;event;ManyToOne;;1;Event;workingHours;;;;;;;;;;;;;;;
;WorkingHour;dayOfWeek;int;;1;;;;;;;;;;;;;;;;;
;WorkingHour;startTime;time;;1;;;;;;;;;;;;;;;;;
;WorkingHour;endTime;time;;1;;;;;;;;;;;;;;;;;
;WorkingHour;timeZone;ManyToOne;;1;TimeZone;workingHours;;;;;;;;;;;;;;;
;WorkingHour;minimalMinutesEventDuration;int;;1;;;;;;;;;;;;;;;;;
;WorkingHour;notes;text;;1;;;;;;;;;;;;;;;;;
59;Holiday;name;string;;1;;;;ix_name;;;;;;;;;;;;organization.90;
;Holiday;organization;ManyToOne;;1;Organization;holidays;;;;;;;;;;;;;;;
;Holiday;calendar;ManyToOne;;1;Calendar;holidays;;;;;;;;;;;;;;;
;Holiday;event;ManyToOne;;1;Event;holidays;;;;;;;;;;;;;;;
;Holiday;date;date;;1;;;;;;;;;;;;;;;;;
;Holiday;description;text;;1;;;;;;;;;;;;;;;;;
;Holiday;blockSchedule;bool;;1;;;;;;;;;;;;;;;;;
60;HolidayTemplate;name;;;;;;;ix_name;;;;;;;;;;;;system.99;12
;HolidayTemplate;date;date;;1;;;;;;;;;;;;;;;;;
;HolidayTemplate;recurrenceInterval;int;;1;;;;;;;;;;;;;;;;;
;HolidayTemplate;recurrenceFrequency;smallint;;1;;;;;;;;;;;;;;;;;
;HolidayTemplate;country;ManyToOne;;1;Country;holidayTemplates;;;;;;;;;;;;;;;
;HolidayTemplate;city;ManyToOne;;1;City;holidayTemplates;;;;;;;;;;;;;;;
;HolidayTemplate;blockSchedule;bool;;1;;;;;;;;;;;;;;;;;
61;TimeZone;name;string;;1;;;;ix_name;;;;;;;;;;;;system.99;13
;TimeZone;offsetMinutes;int;;1;;;;;;;;;;;;;;;;;
;TimeZone;workingHours;OneToMany;;1;WorkingHour;timeZone;;;;;;;;;;;;;;;
62;CommunicationMethod;name;string;;;;;;ix_name;;;;;;;;;;;;system.99;14
;CommunicationMethod;function;string;;1;;;;;;;;;;;;;;;;;
;CommunicationMethod;property;string;;1;;;;;;;;;;;;;;;;;
;CommunicationMethod;reminders;OneToMany;;1;Reminder;communicationMethod;;;;;;;;;;;;;;;
;CommunicationMethod;notifications;OneToMany;;1;Notification;communicationMethod;;;;;;;;;;;;;;;
63;Course;name;string;;;;;;;;;;;;TEACHER;STUDENT;;;;;education.30;1
;Course;organization;ManyToOne;;1;Organization;courses;;;-1;;-1;;;;;;;;;;
;Course;description;text;;1;;;;;;;;;;;;;;;;;
;Course;status;bool;;1;;;;;;;;;;;;;;;;;
;Course;owner;ManyToOne;;1;User;ownedCourses;;;;;;;;;;;;;;;
;Course;lectures;OneToMany;;1;Lecture;course;order;;;;;;;;;;;;;;
;Course;lengthMinutes;float;;1;;;;;;;;;;;;;;;;;
;Course;userCourses;OneToMany;;1;UserCourse;course;;;;;;;;;;;;;;;
64;Lecture;name;string;;;;;;;;;;;;TEACHER;STUDENT;;;;;education.30;10
;Lecture;organization;ManyToOne;;1;Organization;lectures;;;-1;;-1;;;;;;;;;;
;Lecture;course;ManyToOne;;1;Course;lectures;;;;;;;;;;;;;;;
;Lecture;userLectures;OneToMany;;1;UserLecture;lecture;;;;;;;;;;;;;;;
;Lecture;order;int;;1;;;;;;;;;;;;;;;;;
;Lecture;description;text;;1;;;;;;;;;;;;;;;;;
;Lecture;link;string;;1;;;;;;;;;;;;;;;;;
;Lecture;lengthMinutes;float;;1;;;;;;;;;;;;;;;;;
65;UserCourse;user;ManyToOne;;1;User;courses;;;;;;;;STUDENT;STUDENT;;;;;education.30;20
;UserCourse;course;ManyToOne;;1;Course;userCourses;;;;;;;;;;;;;;;
;UserCourse;startDate;date;;1;;;;;;;;;;;;;;;;;
;UserCourse;lastDate;date;;1;;;;;;;;;;;;;;;;;
;UserCourse;progress;float;;1;;;;;;;;;;;;;;;;;
;UserCourse;userLectures;OneToMany;;1;UserLecture;userCourse;;;;;;;;;;;;;;;
66;UserLecture;userCourse;ManyToOne;;1;UserCourse;userLectures;;;;;;;;;;;;;;;
;UserLecture;lecture;ManyToOne;;1;Lecture;userLectures;;;;;;;;;;;;;;;
;UserLecture;startDate;date;;1;;;;;;;;;;;;;;;;;
;UserLecture;lastDate;date;;1;;;;;;;;;;;;;;;;;
;UserLecture;progress;float;;1;;;;;;;;;;;;;;;;;
;UserLecture;concluded;bool;;1;;;;;;;;;;;;;;;;;
;UserLecture;observation;text;;1;;;;;;;;;;;;;;;;;
